query,title,channel,views,likes,comments,published,duration,video_id
作業用BGM 熱い,【アニソン系BGM和風ロックPlaylist】曲げない生き方｜熱い和風ロック・女性ボーカル｜77分,和奏ロック堂 | Japanese Rock BGM,0,0,0,2026-07-21T09:00:17Z,PT1H17M4S,9muDF_OJEHU
作業用BGM 熱い,ヒロアカ風、熱い戦闘曲！【My Hero Academia style freeBGM】heroic2 battle4 / ヒロイック2バトル4【作業用BGM・素材】,【著作権フリーBGM】ぷるっと企画チャンネル,6,3,0,2026-07-21T07:00:04Z,PT3M8S,-0MS0V2tvec
作業用BGM 熱い,🔥 57分間の熱いアニメJ-Rock｜女性ボーカルによるオリジナルオープニングソング10曲 Vol.2 🔥,Ryusei Studio | 流星スタジオ,2,0,0,2026-07-20T13:15:07Z,PT57M8S,c_sLkRGXhwA
作業用BGM 熱い,【ポケモン風BGM】始まる熱いバトル音楽｜作業用・勉強用・ゲーム作業用,ポケモン風BGM,187,4,0,2026-07-18T21:00:34Z,PT55M,zNFSSdUleOE
作業用BGM 熱い,【作業用BGM／1時間】戦闘モードに入る疾走系JRPGバトルメドレー｜YutoRhythm Battle Mode Vol.2,ゆとリズム yuto-rhythm,38,2,0,2026-07-18T13:00:34Z,PT1H31S,Ai7fB6AJ1Yc
作業用BGM 熱い,【Royalty-Free BGM】The Cross-Dressing Beauty's Fiery Chanson Rock 3 / 男装の麗人の熱いシャンソンロックBGM,【著作権フリーBGM】ぷるっと企画チャンネル,50,4,0,2026-07-18T07:00:21Z,PT1M43S,LrkSeBi1Pp4
作業用BGM 熱い,B'z | 熱いロック名曲と心に響くバラードで青春を思い出す感動ベストミックス | 完全版 | ドライブや作業用BGMにもおすすめ,J-Rock Legends,7,0,1,2026-07-18T04:40:18Z,PT2H3M7S,n-Cdc6uyaIQ
作業用BGM 熱い,BREAKERZ – 熱いロックサウンドと心に響く名曲で青春を彩る感動ベストミックス – ドライブや作業用BGMにもおすすめ (完全版),平成ロック魂,2,1,1,2026-07-18T03:51:38Z,PT2H3M16S,e1TQ9NGRozI
作業用BGM 熱い,【作業用BGM】Epic Background Music 戦闘BGM/Battle Egyptian Orchestral Rock『SOLARIS』,Soothing sound Mikan,1211,76,4,2026-07-17T11:31:59Z,PT1H5M15S,MLMHlO7mZmc
作業用BGM 熱い,🥁 和楽器×EDMが熱すぎる！｜Shamisen Fusion Playlist 【作業用BGM】,Midnight Neon Music,38,7,0,2026-07-17T10:00:22Z,PT57M25S,cjh2p43ec4c
作業用BGM 熱い,【作業用BGM】夏に聴きたいメロいソングメドレー ／ GGGe Records｜勉強用・読書用・夏の夕暮れチルポップ #ボカロ,GGGe Records,66,3,0,2026-07-16T12:30:26Z,PT1H15M44S,3vqphLZn7rg
作業用BGM 熱い,🔥 54分間の熱いアニメJ-Rock｜女性ボーカルによるオリジナルオープニングソング10曲 Vol.1 🔥,Ryusei Studio | 流星スタジオ,68,0,0,2026-07-16T12:00:15Z,PT54M22S,7-u5p2v63rs
作業用BGM 熱い,熱い戦闘曲！ Heroic Battle FreeBGM / ヒロイックバトル6【作業用BGM・素材】,【著作権フリーBGM】ぷるっと企画チャンネル,33,4,0,2026-07-16T07:00:35Z,PT3M28S,0ofKf1yftAc
作業用BGM 熱い,【作業用BGM】戦闘音楽 Epic Battle Music/Rock Background Music『Sanctis』,Soothing sound Mikan,1543,76,2,2026-07-15T12:45:51Z,PT1H55S,-wb10fs8bPE
作業用BGM 熱い,手拍子が熱いブレリアス 🔥 フィエスタ気分 | Bulerias Fiesta #Shorts,Chill Shorts BGM,3,0,0,2026-07-14T10:30:03Z,PT1M53S,WyNs9zAsYjU
作業用BGM 熱い,ヒロアカ風、熱い戦闘曲！【My Hero Academia style freeBGM】heroic2 battle3 / ヒロイック2バトル3【作業用BGM・素材】,【著作権フリーBGM】ぷるっと企画チャンネル,107,5,0,2026-07-14T07:00:21Z,PT3M2S,XLuStF_p-Ro
作業用BGM 熱い,【想い出の夏とシティポップ】吐息の熱💄大人の失恋1980年代バブル】 #citypop #失恋 #作業用bgm #勉強用bgm #エモい,【Lofi Dreams】,25,2,0,2026-07-13T12:00:21Z,PT4M29S,xZa_S1T1Gfw
作業用BGM 熱い,【作業用BGM】Epic Background Music 戦闘BGM/Battle Celtic Symphonic Rock『Pulver』,Soothing sound Mikan,877,54,3,2026-07-13T11:12:42Z,PT1H7M18S,X0BtlAa4XRM
作業用BGM 熱い,【ポケモン風BGM】激熱バトル音楽｜作業用・勉強用・ゲーム作業用,ポケモン風BGM,172,2,0,2026-07-12T21:00:39Z,PT57M,5FLkWA9QkwQ
作業用BGM 熱い,【作業用BGM】Neon Glass,エレクシオン,0,0,0,2026-07-12T20:46:41Z,PT3M46S,4wtFddf6lig
作業用BGM 熱い,【架空アニソン】-銀翼のシンギュラリティ-熱すぎる！架空SFアニメサウンドトラック/OPから挿入歌・ラスボス戦・EDまで【作業用BGM】Anime Style Original J-POP Mix,ろくろくさん,447,17,2,2026-07-12T08:43:11Z,PT52M49S,jTtT7wUXkWY
作業用BGM 熱い,【ポケモン風BGM】激熱バトル音楽｜作業用・勉強用・ゲーム作業用,ポケモン風BGM,188,4,0,2026-07-11T21:00:38Z,PT58M13S,eW1SLpSj1cg
作業用BGM 熱い,【FreeBGM】熱い讃美歌ロックソング『A Rose’s Blessing Upon Thy Demise and Rebirth』激しさと神聖さが共存するダークな讃美歌×王道アニソン風J-Rock,【著作権フリーBGM】ぷるっと企画チャンネル,12,2,0,2026-07-11T07:30:11Z,PT52S,9UHhyPY9vFk
作業用BGM 熱い,【FreeBGM】熱い讃美歌ロックソング『A Rose’s Blessing Upon Thy Demise and Rebirth』激しさと神聖さが共存するダークな讃美歌×王道アニソン風J-Rock,【著作権フリーBGM】ぷるっと企画チャンネル,134,5,0,2026-07-11T07:00:35Z,PT4M33S,frSYi1Wh5vQ
作業用BGM 熱い,ジャパレゲ 筋トレBGM🔥重低音×疲れを熱に｜TOKYO PHONK Vol.6621-6640,TOKYO PHONK,1325,31,0,2026-07-10T19:00:32Z,PT1H47M3S,m245Qhko8qE
作業用BGM 熱い,    晩夏の昼、石に残る熱｜作業用BGM・リラックス | Late Summer Ambient,和の余音-Minimal Japanese Soundscape,0,0,0,2026-07-10T12:00:02Z,PT2M56S,vwzqEgaikWw
作業用BGM 熱い,B'z風の熱い王道ハードロックポップスが脳内ループして眠れない件,KLY mail,972,4,0,2026-07-10T11:48:19Z,PT31S,ceIUl332HhM
作業用BGM 熱い,【作業用BGM】Epic Background Music 戦闘BGM/Battle Rock『HIGAN』,Soothing sound Mikan,2100,107,6,2026-07-10T11:33:05Z,PT1H1M5S,uQef803SM9c
作業用BGM 熱い,【作業用BGM / 途中広告なし】心がふっと軽くなる、熱を冷ます時間。ヒーリング・ジャズホップBGM ｜ 60BPM・ハミング,AI.BGM.Studio,157,7,2,2026-07-10T08:00:33Z,PT2H9M9S,5bY4LrXpWc4
作業用BGM 熱い,叫ばなくても熱は冷めない。チル系EDM／D'Muse - 余熱 #チルEDM #アニソンEDM,D'Muse,2,1,0,2026-07-10T07:58:14Z,PT30S,Q-YxafJY94s
作業用BGM 熱い,【作業用BGM】戦闘音楽 Epic Battle Music/Rock Background Music『Thornveil』,Soothing sound Mikan,1682,84,4,2026-07-08T10:47:03Z,PT1H4M44S,JZHk68Qx4Ug
作業用BGM 熱い,ROCKの熱い記憶を刺激する【SLAP GROOVE SESSION17】,SLAP GROOVE,1646,46,6,2026-07-08T08:00:11Z,PT24M28S,6qrPRtkAdHY
作業用BGM 熱い,【60秒ダイジェスト】涙拭う翼｜切なく熱いスパロボZアレンジ #shorts#スパロボ #スーパーロボット大戦Z #涙拭う翼 #作業用BGM,Catget,58,0,0,2026-07-08T04:15:44Z,PT1M1S,miUmj52B5po
作業用BGM 熱い,『君たちがヒーロー』【フリーソング】激熱アニソン風J-Rockオリジナル曲【疾走・熱い・作業用BGM】#shorts,【著作権フリーBGM】ぷるっと企画チャンネル,297,1,0,2026-07-07T14:00:22Z,PT54S,wv5zYGC9thw
作業用BGM 熱い,『君たちがヒーロー』【フリーソング】激熱アニソン風J-Rockオリジナル曲【疾走・熱い・作業用BGM】,【著作権フリーBGM】ぷるっと企画チャンネル,101,4,2,2026-07-07T13:30:26Z,PT2M54S,bpaBKW6y1IE
作業用BGM 熱い,"【Playlist】熱すぎる！疾走アニソン風プレイリスト / Anime Style Original J-POP, J-ROCK Mix【作業用BGM】【アニメOP風】",ろくろくさん,489,9,1,2026-07-07T11:00:43Z,PT58M33S,JVMlIuaZKJ8
作業用BGM 熱い,ヒロアカ風、熱い戦闘曲！【My Hero Academia style freeBGM】heroic2 battle2 / ヒロイック2バトル2【作業用BGM・素材】#shorts,【著作権フリーBGM】ぷるっと企画チャンネル,198,1,0,2026-07-07T07:30:01Z,PT33S,EoLJ7fEW1C8
作業用BGM 熱い,ヒロアカ風、熱い戦闘曲！【My Hero Academia style freeBGM】heroic2 battle2 / ヒロイック2バトル2【作業用BGM・素材】,【著作権フリーBGM】ぷるっと企画チャンネル,87,3,0,2026-07-07T07:00:34Z,PT1M26S,pusKLfv954c
作業用BGM 熱い,B'z | 最高の名曲と熱いロックバラードを集めた心震えるベストヒットミックス 完全版 ドライブや作業用BGMにもおすすめ,J-Rock Legends,27,1,1,2026-07-07T04:32:05Z,PT2H2M20S,z-q5BcsF5UA
作業用BGM 熱い,【作業用BGM】戦闘音楽 Epic Battle Music/Rock Background Music『Crimsonraign』,Soothing sound Mikan,1855,91,11,2026-07-06T10:30:34Z,PT1H3M56S,e6mM1X0N_fg
作業用BGM 熱い,フロア揺らせ【作業用BGM】,ASK Sound Studio,94,0,0,2026-07-06T08:00:03Z,PT4M30S,-KLdiIlDjOM
作業用BGM 熱い,【60秒ダイジェスト】Duologue｜儚く熱いスパロボDアレンジ #shorts#shorts #スパロボ #スーパーロボット大戦D #Duologue #作業用BGM,Catget,369,0,0,2026-07-06T00:21:01Z,PT1M1S,Fj-dRKSihgU
作業用BGM 熱い,また帰りたくなる沖縄レゲエ16曲 | ドライブ・作業用BGM,沖縄レゲエ・島風レコード,508,12,0,2026-07-04T10:00:34Z,PT56M22S,akuIv_X2pxU
作業用BGM 熱い,【作業用BGM/ロックマンX】時が経っても、この熱さは色褪せない。人生を駆ける「名曲BGMランキング」TOP20！【カッコイイ・熱い編 / 字幕解説】,ゼックスのロックマンCH,1321,41,41,2026-07-04T09:00:36Z,PT25M10S,_avgngKVMNQ
作業用BGM 熱い,【作業用・勉強用】超絶テンションが上がる激熱アニソンメドレー,私たちのアニメ,25,0,0,2026-07-04T09:00:29Z,PT1H20M1S,Vkjike0D1rg
作業用BGM 熱い,"100%燃え上がる熱いヒップホップレゲエ🔥｜作業用bgm｜筋トレbgm,hip hop,#レゲエ#ジャパレゲ 作業用bgm",Chill&Lo-fi Lounge,1738,35,6,2026-07-03T22:00:14Z,PT1H9M19S,shlcIbl-AQY
作業用BGM 熱い,【作業用BGM】戦闘音楽 Epic Battle Music/Rock Background Music『IMPULSE』,Soothing sound Mikan,2106,92,6,2026-07-03T10:58:24Z,PT1H4M44S,VHob5t8DFnI
作業用BGM 熱い,【集中力UP】熱い夏、テニス部の青春｜大会まであと少し,放課後カフェのひとりごと,331,15,5,2026-07-01T14:00:26Z,PT36M24S,Z18StYyOlew
作業用BGM 熱い,【フリーBGM】微熱【chill/かわいい/まったり/作業用BGM/配信用】,Relax Sound Mikan,1003,41,0,2026-07-01T11:24:49Z,PT1H16S,FFEm4xDjIFQ
作業用BGM 熱い,ヒロアカ風、熱い戦闘曲！【My Hero Academia style freeBGM】heroic2 battle1 / ヒロイック2バトル1【作業用BGM・素材】 #shorts,【著作権フリーBGM】ぷるっと企画チャンネル,296,3,0,2026-06-30T07:00:30Z,PT43S,KG2z9mMOpWM
作業用BGM 熱い,ヒロアカ風、熱い戦闘曲！【My Hero Academia style freeBGM】heroic2 battle1 / ヒロイック2バトル1【作業用BGM・素材】,【著作権フリーBGM】ぷるっと企画チャンネル,92,3,0,2026-06-30T07:00:00Z,PT1M45S,KccwAwDeCwA
作業用BGM 熱い,6/30(火)【 #雑談】W杯ブラジル戦の熱い振り返り/サンリオキャラクター大賞/THE ONE PIECE楽しみ【 #Vtuber #作業用bgm】,飴桃ねも / amemomonemo,197,49,5,2026-06-30T06:22:03Z,PT3H43M45S,MLl01G4fQVM
作業用BGM 熱い,"愛・家族・絆を歌う胸熱レゲエ×ヒップホップ🔥｜作業用bgm｜筋トレbgm,hip hop,#レゲエ#ジャパレゲ 作業用bgm",Chill&Lo-fi Lounge,4444,94,10,2026-06-29T21:00:23Z,PT1H30M51S,9TKNcik7YUc
作業用BGM 熱い,【作業用BGM】戦闘音楽 Epic Battle Music/Japanese Hybrid Orchestral Rock Background Music『KANNAGI』,Soothing sound Mikan,1482,72,5,2026-06-29T11:36:08Z,PT1H1M13S,SRnPs8gQTqg
作業用BGM 熱い,【FIFA World Cup 2026】熱い夜にそっと心を落ち着かせてくれる邦楽チルポップplaylist,Japan Chill Pop Mix,735,8,2,2026-06-29T11:30:33Z,PT4H16M20S,j-BrJvjRZDc
作業用BGM 熱い,【2026年FIFA World Cup】熱い夜に心を落ち着かせてくれる邦楽チルポップplaylist,Tokyo Chill Pop Max,38,1,0,2026-06-29T11:00:25Z,PT4H18M11S,XAdAmB04z4U
作業用BGM 熱い,【作業用BGM】昭和レトロな宇宙図鑑　ブラックホールから究極の運命「熱的死」まで,万物朗読室〜歴史と睡眠のための音声アーカイブ,166,0,0,2026-06-28T01:59:10Z,PT41M51S,vAW0L6UfurY
作業用BGM 熱い,【胸熱BGM】アニメの主人公になれる疾走感J-ROCK / 全力で駆け抜ける作業用音楽,森の遊び場,3,0,0,2026-06-28T00:00:04Z,PT2H6M7S,qs2CjV96boQ
作業用BGM 熱い,『Requiem for the Phonies』熱いゴスペルロックソング【freeBGM】聖なる銃弾と贖罪の賛歌、アニソン風Gothic Gospel Rock、ゴスペル×王道アニソン風J-Rock,【著作権フリーBGM】ぷるっと企画チャンネル,112,7,0,2026-06-27T14:00:03Z,PT3M45S,fEhh4pKfbrc
作業用BGM 熱い,『Requiem for the Phonies』熱いゴスペルロックソング【freeBGM】聖なる銃弾と贖罪の賛歌、アニソン風Gothic Gospel Rock、ゴスペル×王道アニソン風J-Rock,【著作権フリーBGM】ぷるっと企画チャンネル,247,5,0,2026-06-27T14:00:14Z,PT56S,vOjzto2BP_4
作業用BGM 熱い,【作業用BGM/ロックマンX】エックス・ゼロと共に駆け抜けた、忘れられない「名曲BGMランキング」TOP20！【ヒーロー・ワクワク編 / 字幕解説】,ゼックスのロックマンCH,1695,40,35,2026-06-27T09:00:32Z,PT22M45S,AXwfeGSLg3I
作業用BGM 熱い,🤘【#54】🤘Emotional Heavymetal Sounds #54 | 【重低音】切なくも熱いパワフルなヘビメタ | 作業用BGM,cheesy metalhead kid,79,1,0,2026-06-26T08:15:38Z,PT57M47S,PM0PUr_mTyQ
作業用BGM 熱い,『深紅の薔薇のように狂おしく』、男装の麗人の熱いシャンソンロックソング【オリジナル曲・freeBGM】×【シャンソン×激しいJ-ROCK】,【著作権フリーBGM】ぷるっと企画チャンネル,291,4,0,2026-06-26T07:00:33Z,PT1M,_xe_6aogxww
作業用BGM 熱い,『深紅の薔薇のように狂おしく』、男装の麗人の熱いシャンソンロックソング【オリジナル曲・freeBGM】×【シャンソン×激しいJ-ROCK】,【著作権フリーBGM】ぷるっと企画チャンネル,246,16,1,2026-06-26T07:00:38Z,PT4M33S,udh7AKPOP-w
作業用BGM 熱い,【鹿児島県】言葉は通じんけど、心は熱か｜土地のうた -Songs of the Land- #10,土地のうた -Songs of the Land-,46,3,1,2026-06-24T12:49:56Z,PT2M55S,fWhZWraCFcA
作業用BGM 熱い,未完成ドライブ｜君が残した小さな熱は消えない【2000年代アニメ風J POP ROCK】,Hikari Pop Mix,111,2,0,2026-06-24T12:00:24Z,PT3M15S,Qx4WNxrWmTM
作業用BGM 熱い,【作業用BGM】戦闘音楽 Epic Battle Music/Rock Background Music『Phoenixia』,Soothing sound Mikan,2485,113,2,2026-06-24T11:03:54Z,PT1H2M24S,dK0GkISCj5c
作業用BGM 熱い,『Be yourself』【フリーソング】激熱アニソン風J-Rockオリジナル曲【疾走・熱い・作業用BGM】,【著作権フリーBGM】ぷるっと企画チャンネル,279,7,0,2026-06-23T14:00:13Z,PT57S,8shIpGIUyBY
作業用BGM 熱い,『Be yourself』【フリーソング】激熱アニソン風J-Rockオリジナル曲【疾走・熱い・作業用BGM】,【著作権フリーBGM】ぷるっと企画チャンネル,294,9,2,2026-06-23T14:00:02Z,PT4M23S,rU8CkX3w8GQ
作業用BGM 熱い,【作業用BGM】戦闘音楽 Epic Battle Music/Rock Background Music『Phonon』,Soothing sound Mikan,2503,102,3,2026-06-22T11:39:08Z,PT1H46S,kho_gMeUQ8A
作業用BGM 熱い,青春のフェス【作業用BGM】,ASK Sound Studio,35,0,0,2026-06-22T08:00:01Z,PT5M49S,jNuVw9gxyOs
作業用BGM 熱い,ジャパレゲ 筋トレBGM🔥重低音×疲れを置いて熱を持て｜TOKYO PHONK Vol.6261-6280,TOKYO PHONK,1616,30,2,2026-06-21T19:00:32Z,PT3H35M24S,oV4YzGS0E6w
ファンタジー 戦闘 BGM,【フリーBGM】ghost dance│ノリノリ幽霊の戦闘BGM【ジャズ/スウィング/ダーク】JAZZ/swing/dance music,【フリーBGM】Two Chan【素材】,3,0,0,2026-07-21T06:00:28Z,PT2M23S,DotsbkWeOyQ
ファンタジー 戦闘 BGM,【作業用BGM】Epic Background Music 戦闘BGM/Hybrid Orchestral Battle　Rock『Voltaris』,Soothing sound Mikan,584,47,3,2026-07-20T12:20:27Z,PT1H2M3S,N1FKPVHk6i0
ファンタジー 戦闘 BGM,【疾走感抜群】激闘シーンで盛り上がる戦闘曲｜Azure Gale【フリーBGM・かっこいい・EpicBattleMusic】,戦闘音楽工房 - Epic Battle Music,260,31,2,2026-07-20T09:00:11Z,PT3M31S,Xhl1--EFU2s
ファンタジー 戦闘 BGM,FF7リバース 通常戦闘曲メドレー｜エリア戦闘BGMまとめ【作業用BGM】,とっぴーのゲーム日記,31,8,3,2026-07-20T05:00:11Z,PT30M34S,hHb4Y7S8rRk
ファンタジー 戦闘 BGM,冒険・戦闘・感動のオリジナルサウンドトラック#shorts #music #ファンタジー #BGM,夢を紡ぐ音色-Dreamwoven Melodies-,211,0,0,2026-07-19T09:29:24Z,PT41S,LEXxwSF4xns
ファンタジー 戦闘 BGM,99%勝てない敵に立ち向かう時のBGM【戦闘曲／作業用BGM／アニソン／ラスボス戦／フリーBGM】,うたの-音楽工房【FreeMusic】,107,7,0,2026-07-19T08:37:35Z,PT4M17S,qY5wc9WcEmc
ファンタジー 戦闘 BGM,【アレンジ曲】FF5 / Battle 2 -通常ボス戦闘曲-【ゲーム音楽】,うみにょのゲームちゃんねる,8,0,0,2026-07-19T00:50:11Z,PT3M15S,24LPWUK8NtI
ファンタジー 戦闘 BGM,【作業用BGM／1時間】戦闘モードに入る疾走系JRPGバトルメドレー｜YutoRhythm Battle Mode Vol.2,ゆとリズム yuto-rhythm,38,2,0,2026-07-18T13:00:34Z,PT1H31S,Ai7fB6AJ1Yc
ファンタジー 戦闘 BGM,【作業用ファンタジーBGM】駆け出し冒険者の戦い - テンションが上がる王道JRPG戦闘曲集 / Rookie Adventurers in Battle【戦闘BGM】,Fantasy Echoes / 空想と癒しの音楽,52,6,1,2026-07-18T10:00:28Z,PT1H4M58S,_tWo6lZg0XE
ファンタジー 戦闘 BGM,【異世界ケルトBGM】対決【作業用BGM・リラックスBGM・睡眠用BGM・勉強用BGM】,FantaSy Celtic BGM,34,2,0,2026-07-18T09:00:10Z,PT1H33M44S,jV_YPmtvZqQ
ファンタジー 戦闘 BGM,【ダークファンタジー風アレンジ】VS赤魔寝鬼 白古魔【妖怪ウォッチBGM】,みずとの音楽研究所,1430,63,3,2026-07-17T12:00:19Z,PT2M33S,x3gykRS2PbM
ファンタジー 戦闘 BGM,【作業用BGM】Epic Background Music 戦闘BGM/Battle Egyptian Orchestral Rock『SOLARIS』,Soothing sound Mikan,1211,76,4,2026-07-17T11:31:59Z,PT1H5M15S,MLMHlO7mZmc
ファンタジー 戦闘 BGM,【ケルト行進曲】ケルト×マーチ いつでもボス戦モードアレンジ｜作業用BGM・戦闘/Battle BGM・ファンタジー/Fantasy  Music ｜ celtic｜  クマノミ version,Yggdrasil Sound Fruits | Dark Fantasy Boss BGM,2,0,0,2026-07-17T11:30:36Z,PT35M45S,6o3j19gh6HY
ファンタジー 戦闘 BGM,【フリーBGM】Henok Magik | 中世ファンタジー戦闘曲,Hareno,159,14,0,2026-07-17T10:00:19Z,PT2M25S,HhbhlYC1Olo
ファンタジー 戦闘 BGM,【戦闘BGM】黒薔薇が咲くたび死者が目を覚ます｜GOTHIC OF THE DEAD -死者に咲く黒薔薇-【フリーBGM・ゴシック・ダーク・かっこいい・作業用・ゲーム実況】,Rhymix Studio,122,11,2,2026-07-17T08:00:22Z,PT3M57S,fJiR41fEHck
ファンタジー 戦闘 BGM,【ケルト風戦闘曲】 魔剣 DÁINSLEIF（ダインスレイブ） ― The Last Banquet ―｜神すら恐れた呪われし魔剣,こころに届く歌 – 千音 / Songs That Touch Your Heart – Senne,103,7,1,2026-07-16T12:00:29Z,PT4M15S,P8ws-4SDaxQ
ファンタジー 戦闘 BGM,第1話：庭園を守る魔女 【副題：フリーBGMを作っていたらRPGゲームができてしまった『Garden Shower』】,小松崎拓美の創作工房,18,2,0,2026-07-16T10:10:42Z,PT4M59S,61X-CUEceYw
ファンタジー 戦闘 BGM,【Epic Battle BGM / Japanese Dark Fantasy】微熱｜Emotional Symphonic Rock with Piano・少しずつ心を奮い立たせる戦闘BGM,藤苑テラリウム,89,3,1,2026-07-16T09:00:29Z,PT4M35S,01dRVj-Tylw
ファンタジー 戦闘 BGM,Epic Japanese Samurai Battle Music | Dark Fantasy Boss Fight | 1 Hour BGM【妖怪討伐】,LUGAZURA,11,1,3,2026-07-16T02:42:56Z,PT1H2M20S,AgHzPox8TCg
ファンタジー 戦闘 BGM,【作業用BGM】戦闘音楽 Epic Battle Music/Rock Background Music『Sanctis』,Soothing sound Mikan,1543,76,2,2026-07-15T12:45:51Z,PT1H55S,-wb10fs8bPE
ファンタジー 戦闘 BGM,【作業用BGM】異形なる簒奪者 ボスラッシュメドレー【ラスボス戦/戦闘BGM/ダークファンタジー/モンスト/悪役/ロック/轟絶】BGMアレンジ　轟絶BGM　モンスト,クェルボ公爵,52,1,1,2026-07-15T08:00:29Z,PT1H8M48S,cWTSlEa0UZU
ファンタジー 戦闘 BGM,【作業用】異世界に没入しながら集中できるRPG戦闘BGM｜ロック・サウンド｜1時間,ししがみかつおの戦闘BGM倉庫,118,3,0,2026-07-14T11:00:37Z,PT1H1M6S,oxEoiQPAL5k
ファンタジー 戦闘 BGM,【ケルト風戦闘BGM】悪役令嬢が世界に立ち向かうときのBGM「彼女の正義」/The Justice She Believes In【AI×ラスボス戦】【ダークファンタジー】,Seagull World,2031,61,6,2026-07-14T09:42:46Z,PT3M19S,ECTIcq-jDng
ファンタジー 戦闘 BGM,【Epic Japanese Rock Battle BGM】宵神楽 -Crimson Dream Prelude- ｜ 夏祭り×祭囃子×和風ダークファンタジー、ギターとピアノが紡ぐ幻想戦闘曲,藤苑テラリウム,123,10,0,2026-07-14T09:00:07Z,PT4M5S,HloEjfs1mLA
ファンタジー 戦闘 BGM,[Playlist] 気分がアガる作業用戦闘BGM,Hareno,430,15,0,2026-07-12T01:58:02Z,PT1H3M38S,IsnQUqw4rOQ
ファンタジー 戦闘 BGM,【フリーBGM】FalleN【ダークファンタジー・戦闘・ラスボス】,EigHt,18397,794,51,2026-06-29T10:25:31Z,PT3M56S,ZLPKHFhhWZk
ファンタジー 戦闘 BGM,【ケルト戦闘BGM】満月の王都を見下ろす月冠の王、黄金宮殿に下る開戦の剣｜Epic Celtic Battle Music,Celtic Battle Realm,413,13,0,2026-06-26T11:00:15Z,PT1H58M2S,ip2D2E3eRns
ファンタジー 戦闘 BGM,【BGM】虚飾なる道化 - 異形なる簒奪者 #ダーク #ダークファンタジー #ラスボス #戦闘 #ボス戦 #悪役 #轟絶 #ピエロ #道化師 #カーニバル#BGMアレンジ #モンスト #shorts,クェルボ公爵,311,3,1,2026-07-14T08:00:12Z,PT57S,NnwyJFEy2pQ
ファンタジー 戦闘 BGM,【BGM】虚飾なる道化 - 異形なる簒奪者【ダーク/ダークファンタジー/ラスボス/戦闘/ボス戦/モンスト/悪役/サーカス/轟絶/ピエロ/道化師/カーニバル】BGMアレンジ　轟絶BGM　モンスト,クェルボ公爵,108,7,1,2026-07-14T08:00:22Z,PT2M8S,z_cqTqvGF9Q
ファンタジー 戦闘 BGM,【作業用BGM】Epic Background Music 戦闘BGM/Battle Celtic Symphonic Rock『Pulver』,Soothing sound Mikan,877,54,3,2026-07-13T11:12:42Z,PT1H7M18S,X0BtlAa4XRM
ファンタジー 戦闘 BGM,【フリーBGM】終焉の女王に立ち向かう時のBGM | Queen of the Ruined Kingdom【かっこいい・戦闘・Rock】,BGM Studio Noi,352,13,4,2026-07-13T09:00:03Z,PT4M29S,3sA0jX3awGw
ファンタジー 戦闘 BGM,【BGM】強欲なる収奪 - 異形なる簒奪者 #ダーク #ダークファンタジー#ラスボス #戦闘 #ボス戦 #民族音楽 #悪役 #WorldFusion #蛇 #財宝 #轟絶 #モンスト#shorts,クェルボ公爵,366,3,1,2026-07-13T08:00:34Z,PT59S,qZzIBxOGTqg
ファンタジー 戦闘 BGM,【BGM】強欲なる収奪 - 異形なる簒奪者【ダーク/ダークファンタジー/ラスボス/戦闘/ボス戦/民族音楽/モンスト/悪役/WorldFusion/轟絶/蛇/財宝】BGMアレンジ　轟絶BGM　モンスト,クェルボ公爵,88,1,1,2026-07-13T08:00:27Z,PT3M4S,esjaiGGTD3o
ファンタジー 戦闘 BGM,【フリーBGM】最期の審判│天使・悪魔ボスの戦闘曲【エレクトロスウィング/おしゃれ/ゴシック/JAZZ】,【フリーBGM】Two Chan【素材】,98,5,0,2026-07-13T03:00:46Z,PT2M33S,EtWm-f4-j_w
ファンタジー 戦闘 BGM,重厚な戦闘曲【フリーBGM】dark orchestral BGM / Force of Darkness_2【作業用BGM・素材】 #shorts,【著作権フリーBGM】ぷるっと企画チャンネル,23,2,0,2026-07-12T14:00:14Z,PT30S,m-MYiYLHe9E
ファンタジー 戦闘 BGM,重厚な戦闘曲【フリーBGM】dark orchestral BGM / Force of Darkness_2【作業用BGM・素材】,【著作権フリーBGM】ぷるっと企画チャンネル,67,2,0,2026-07-12T13:30:03Z,PT2M58S,BHqGUcMXCdQ
ファンタジー 戦闘 BGM,【フリーBGM】『斧槍のゴシック』｜戦闘｜壮大｜ファンタジー,ナナシのゴシック! ,1253,77,10,2026-07-12T09:00:01Z,PT2M58S,CWQpURzXC3o
ファンタジー 戦闘 BGM,"🪄運命に抗う魔法少女のBGM |「魔法少女ジャンヌ」ジャズ,ピアノ,クラシック,戦闘 -作業用BGM (Royalty Free Music)",魔法少女BGMプロジェクト,101,6,0,2026-07-12T09:00:13Z,PT2M42S,sLZ2roFkPf0
ファンタジー 戦闘 BGM,【ダークファンタジーBGM】もしも『巨大な液体クリーチャー』が都市を襲撃したら…｜戦闘曲・Suno AI,ヘビくん🐍,88,4,2,2026-07-12T08:23:57Z,PT1M58S,lNiP0j255Ow
ファンタジー 戦闘 BGM,【フリーBGM】雷・電気を操るボスの戦闘曲ver.2【EDM/ロック/Battle】,【フリーBGM】Two Chan【素材】,66,2,0,2026-07-12T07:00:15Z,PT2M19S,GdFgXWehpc8
ファンタジー 戦闘 BGM,#shorts 『REVIVE BLAZE』ダークファンタジー戦闘曲 -【 Kalafina風】【架空アニソン風】【神秘的な女性コーラス】#aimusic #オリジナル曲 #AnimeSong,スパイダック MUSIC,222,1,0,2026-07-11T16:57:06Z,PT41S,pNpID6Mz6C0
ファンタジー 戦闘 BGM,120.和風ロック戦闘曲,ジュラのワークショップ,49,1,1,2026-07-11T16:40:43Z,PT27M13S,BRnv615plzI
ファンタジー 戦闘 BGM,『REVIVE BLAZE』ダークファンタジー戦闘曲 -【 Kalafina風】【架空アニソン風】【神秘的な女性コーラス】【AI music】,スパイダック MUSIC,434,16,1,2026-07-11T16:06:35Z,PT4M48S,csvquj24qH4
ファンタジー 戦闘 BGM,【フリーBGM】神の領域に挑むダークファンタジーボス戦BGM集,dark_tone,556,33,1,2026-07-11T12:00:36Z,PT37M22S,u9J-DGZ5OAY
ファンタジー 戦闘 BGM,【フリーBGM】道化師│ピエロ系ボスの戦闘曲ver.6【エレクトロニックスウィング/ダーク/おしゃれ/Battle】,【フリーBGM】Two Chan【素材】,87,5,0,2026-07-11T10:18:26Z,PT2M12S,3Jpb4SeMdWU
ファンタジー 戦闘 BGM,【フリーBGM】英雄の旅路 - Hero’s Journey【ケルトロック/冒険戦闘BGM】,【フリーBGM制作】rh_yme,62,0,0,2026-07-11T09:00:23Z,PT2M48S,qkz75bHJ_y8
ファンタジー 戦闘 BGM,【BGM】傲慢なる黒翼 - 異形なる簒奪者 #ダーク #ダークファンタジー #ラスボス #戦闘 #ボス戦 #悪役 #ロック #轟絶 #BGMアレンジ　#モンスト #shorts,クェルボ公爵,261,1,1,2026-07-11T04:13:31Z,PT58S,iUExFj_QRGc
ファンタジー 戦闘 BGM,疾風の剣姫 - Blade Princess of the Gale【戦闘BGM / Epic Battle Music】,CRIMSON VALKYRIE ,299,11,0,2026-07-11T00:00:37Z,PT48M14S,RkxwsKgFIAI
ファンタジー 戦闘 BGM,【戦闘BGM】幽弦のレクイエム｜亡霊ヴァイオリニストとの激闘ゴシックメタルBGM【フリーBGM】,ジルBGMチャンネル,63,1,0,2026-07-11T00:00:00Z,PT3M5S,zBpatMe0nDA
ファンタジー 戦闘 BGM,【BGM】傲慢なる黒翼 - 異形なる簒奪者【ダーク/ダークファンタジー/ラスボス/戦闘/ボス戦/モンスト/悪役/ロック/轟絶】BGMアレンジ　轟絶BGM　モンスト,クェルボ公爵,172,4,3,2026-07-10T22:00:34Z,PT2M20S,K3uu02mYdmg
ファンタジー 戦闘 BGM,巨大な蛇神が棲むダンジョンの戦闘BGM【アラビア/迷宮/神殿/バトル/フリーBGM】,うたの-音楽工房【FreeMusic】,85,3,0,2026-07-10T11:00:39Z,PT2M33S,CuJo0N-nxss
ファンタジー 戦闘 BGM,🌸 Sakura Blade | Epic Japanese Battle BGM ⚔️ KIDO Series | Cinematic Samurai Music,NEON RIST ,254,7,0,2026-07-10T11:00:11Z,PT46S,NwxCYzl8rG8
ファンタジー 戦闘 BGM,【フリーBGM】Rise to Victory【戦闘・覚醒・かっこいい・Epic Battle Music】,戦闘音楽工房 - Epic Battle Music,788,47,2,2026-07-10T09:30:03Z,PT3M10S,erh4pdGhdbg
ファンタジー 戦闘 BGM,Blood Moon Shell　戦闘BGM,izuna,37,0,0,2026-07-10T08:00:05Z,PT3M39S,TcHiZkeYF4o
ファンタジー 戦闘 BGM,【FreeBGM】熱くて切ない戦闘曲、和風ダークJ-Rock、アニソン風熱く切ない和風ダークファンタジー５【エモい/妖艶/幻想的】#shorts,【著作権フリーBGM】ぷるっと企画チャンネル,182,1,0,2026-07-10T07:30:37Z,PT38S,B-wwAJD2ZW0
ファンタジー 戦闘 BGM,【FreeBGM】熱くて切ない戦闘曲、和風ダークJ-Rock、アニソン風熱く切ない和風ダークファンタジー５【エモい/妖艶/幻想的】,【著作権フリーBGM】ぷるっと企画チャンネル,102,7,0,2026-07-10T07:00:20Z,PT2M58S,4ieY_caC6mc
ファンタジー 戦闘 BGM,【戦闘BGM】みらくるぱんち｜3拍子ギターバトル【オリジナル】Miracle Punch｜Original Battle BGM【3/4 Guitar Battle】【Original Music】,冷凍とうきび,26,1,0,2026-07-09T07:45:17Z,PT1M58S,qFDLfNnsgVg
ファンタジー 戦闘 BGM,Battle BGM #01 - Shadow Assault  #オリジナル曲 #bgm #オリジナル #sunoai #戦闘bgm,スタ奏ミュージック,119,1,0,2026-07-08T15:59:17Z,PT15S,XIrRsi7hY34
ファンタジー 戦闘 BGM,[Epic Battle Music 1H] Final Stand -Fantasy Battle BGM　Work BGM　Melodic Power Metal,Epic Attacker,81,2,0,2026-07-08T12:00:07Z,PT1H5M55S,ugZ1sdNZ7FU
ファンタジー 戦闘 BGM,【作業用BGM】戦闘音楽 Epic Battle Music/Rock Background Music『Thornveil』,Soothing sound Mikan,1682,84,4,2026-07-08T10:47:03Z,PT1H4M44S,JZHk68Qx4Ug
ファンタジー 戦闘 BGM,【異世界ケルトBGM •異世界ケルト音楽】運命を変える一閃｜Epic Fantasy Battle Music【作業用BGM・リラックスBGM・睡眠用BGM・勉強用BGM】,FantaSy Celtic BGM,87,1,2,2026-07-08T09:00:39Z,PT1H28M13S,rAKw9fc4mD4
ファンタジー 戦闘 BGM,ダークファンタジーのボス戦BGMを作ってみた | 戦闘【BGM】,Donut Radio,85,5,0,2026-07-07T17:17:51Z,PT4M50S,-mrnmyj50Ew
ファンタジー 戦闘 BGM,【フリーBGM】人食いピエロ・道化師の戦闘【エレクトロスウィング/JAZZ/battle】 #作業用bgm #フリーbgm,【フリーBGM】Two Chan【素材】,207,1,0,2026-07-07T13:19:25Z,PT16S,d9udT6OBdcg
ファンタジー 戦闘 BGM,【フリーBGM】Warlord | ケルト風ロック戦闘曲【中世ファンタジー】,Hareno,674,26,0,2026-07-07T10:00:12Z,PT3M16S,uQ-3PEP0EP8
ファンタジー 戦闘 BGM,【高揚感高まる】心を熱くする王道JRPG戦闘BGM｜Edge of Destiny ～運命を切り拓く者～,戦闘音楽工房 - Epic Battle Music,627,24,0,2026-07-07T09:30:13Z,PT3M44S,LF04OO0aXr8
ファンタジー 戦闘 BGM,【異世界ケルトBGM •異世界ケルト音楽】聖剣が輝く最後の戦場｜壮大な戦闘系異世界ケルト音楽【Epic Celtic Battle】【作業用BGM・リラックスBGM・睡眠用BGM・勉強用BGM】,FantaSy Celtic BGM,32,2,0,2026-07-07T09:00:19Z,PT1H29M20S,hNfk7arpfHA
ファンタジー 戦闘 BGM,ヒロアカ風、熱い戦闘曲！【My Hero Academia style freeBGM】heroic2 battle2 / ヒロイック2バトル2【作業用BGM・素材】#shorts,【著作権フリーBGM】ぷるっと企画チャンネル,198,1,0,2026-07-07T07:30:01Z,PT33S,EoLJ7fEW1C8
ファンタジー 戦闘 BGM,ヒロアカ風、熱い戦闘曲！【My Hero Academia style freeBGM】heroic2 battle2 / ヒロイック2バトル2【作業用BGM・素材】,【著作権フリーBGM】ぷるっと企画チャンネル,87,3,0,2026-07-07T07:00:34Z,PT1M26S,pusKLfv954c
ファンタジー 戦闘 BGM,FF9 バトル1【Battle 1】通常戦闘BGM #FFIX #finalfantasy  #gamemusic ,NorieNog【ゲーム音楽】のりえ@のぐ クラリネット,241,10,6,2026-07-06T15:08:18Z,PT2M57S,SiKuMXLEdFQ
ファンタジー 戦闘 BGM,FF9 バトル1【Battle 1】通常戦闘BGM #FFIX #finalfantasy  #gamemusic #shorts #SQUARE ENIX,NorieNog【ゲーム音楽】のりえ@のぐ クラリネット,307,2,0,2026-07-06T15:09:09Z,PT1M,Vd35qjLhvbc
ファンタジー 戦闘 BGM,[Epic Battle Music 1H] First Battle -Fantasy Battle BGM　Work and reading BGM,Epic Attacker,301,8,0,2026-07-06T12:00:23Z,PT1H2M33S,u8SsnC8WNUE
ファンタジー 戦闘 BGM,【パワプロ応援歌】闘う者達【ファイナルファンタジーⅦ】,プリンぷちぷち,562,10,3,2026-07-06T11:34:35Z,PT2M7S,vN1LUCslBrE
ファンタジー 戦闘 BGM,【作業用BGM】戦闘音楽 Epic Battle Music/Rock Background Music『Crimsonraign』,Soothing sound Mikan,1855,91,11,2026-07-06T10:30:34Z,PT1H3M56S,e6mM1X0N_fg
ファンタジー 戦闘 BGM,🌸 Sakura Blade | Epic Japanese Battle BGM ⚔️ KIDO Series | Cinematic Samurai Music,NEON RIST ,80,3,0,2026-07-06T10:00:33Z,PT49S,TMtRoKY5iQ8
ファンタジー 戦闘 BGM,【フリーBGM】城を襲う災龍を迎え撃つ時のBGM | Dragon Slayer   The Last Siege【かっこいい・戦闘・迎撃戦】,BGM Studio Noi,280,10,0,2026-07-06T09:00:31Z,PT4M15S,NBK1-xSr_Wk
ファンタジー 戦闘 BGM,【異世界ケルトBGM •異世界ケルト音楽】疾走【作業用BGM・リラックスBGM・睡眠用BGM・勉強用BGM】,FantaSy Celtic BGM,33,2,0,2026-07-06T09:00:37Z,PT1H24M,iivCbjo-m28
ファンタジー 戦闘 BGM,【商用利用可BGM】幻想ファンタジー戦闘BGM素材集 Vol.1｜TRPG・ゲーム制作・配信用,青葉かなん MIRUSU Channel,20,0,0,2026-07-05T10:34:40Z,PT1M51S,HBbCgrTX_C4
ファンタジー 戦闘 BGM,【ケルト戦闘BGM】満月を駆ける飛天の剣士、魔毯の上で敵陣を裂く｜Epic Celtic Battle Music,Celtic Battle Realm,147,1,0,2026-07-05T10:15:15Z,PT57S,fck2Cl8KGUs
ファンタジー 戦闘 BGM,"戦闘BGM ダークファンタジー 白と黒の宿命の対決  | Epic Battle Music ""Light vs Shadow""",Sound Alchemist – Music Laboratory,125,1,0,2026-07-05T10:00:32Z,PT12M36S,p_nE5uxVH5I
ファンタジー 戦闘 BGM,#shorts 『Black Requiem』ダークファンタジー戦闘曲 -【 Kalafina風】【架空アニソン風】【神秘的な女性コーラス】#aimusic #オリジナル曲 #AnimeSong,スパイダック MUSIC,164,2,0,2026-07-05T09:39:14Z,PT43S,N_bW1owtn6U
ファンタジー 戦闘 BGM,『Black Requiem』ダークファンタジー戦闘曲 -【 Kalafina風】【架空アニソン風】【神秘的な女性コーラス】【AI music】,スパイダック MUSIC,560,14,1,2026-07-05T09:18:17Z,PT5M3S,z2NLFsVD0CE
ファンタジー 戦闘 BGM,【闇夜に現れる】クールで緊迫感あるダーク戦闘BGM｜Night Edge Rearranged Version,戦闘音楽工房 - Epic Battle Music,691,31,0,2026-07-05T09:00:02Z,PT3M7S,yta5Z24lbTg
ファンタジー 戦闘 BGM,【フリーBGM】雪原で巨獣に挑む時のBGM | Frozen Colossus  Battle Across the Snowfield【かっこいい・戦闘・Boss】,BGM Studio Noi,1135,25,0,2026-07-05T09:00:33Z,PT3M55S,bMpvkX0vpnQ
ファンタジー 戦闘 BGM,【ケルト戦闘BGM】満月の王都を見下ろす月冠の王、黄金宮殿に下る開戦の剣｜Epic Celtic Battle Music,Celtic Battle Realm,56,1,0,2026-07-04T13:15:04Z,PT57S,e4edXQjkCTk
ファンタジー 戦闘 BGM,[BGM] ファイナルファンタジーⅢ「バトル2」Amazing Grace風 Epic Celtic Fantasy Hymn/ Final Fantasy III “Battle 2”,Bene Music Arrange,96,0,0,2026-07-04T12:08:51Z,PT2M33S,uzwxlNKlMBs
ファンタジー 戦闘 BGM,【ゲーム音楽名曲配信】ファイナルファンタジー５～戦闘BGM～,ゲーム音楽芸術館,380,1,0,2026-07-04T11:00:05Z,PT1M23S,krEzUZq99mU
ファンタジー 戦闘 BGM,【アラビアン戦闘ケルトBGM】月下の王都と、炎の誓い｜Arabian Celtic Battle Music,Celtic Battle Realm,84,0,0,2026-07-04T11:00:06Z,PT1H7M53S,I-aqb2NMZjg
ファンタジー 戦闘 BGM,ゴブリン無視…戦闘BGMが良すぎた【FF3】 #FF3 #FF #Steam #shorts,ともゲーチャンネル,1089,1,0,2026-07-04T11:00:12Z,PT50S,qh499c977hI
ファンタジー 戦闘 BGM,【異世界ケルトBGM •異世界ケルト音楽】絶剣｜疾走感あふれる異世界ケルトBGM【作業用BGM・リラックスBGM・睡眠用BGM・勉強用BGM】,FantaSy Celtic BGM,52,1,0,2026-07-04T09:00:01Z,PT1H36M19S,TXZkLi6BCoI
ファンタジー 戦闘 BGM,【MAD/GMV】Silver Palace　白銀の城　／【フリーBGM】堕天ノ審判　ゴシック戦闘BGM・ダークファンタジー・堕天使　AI編集,特技は穴掘りナノ,60,6,0,2026-07-04T08:00:24Z,PT3M15S,ebY0qs3TYu8
ファンタジー 戦闘 BGM,【ケルト戦闘BGM】満月を駆ける飛天の剣士、魔毯の上で敵陣を裂く｜Epic Celtic Battle Music,Celtic Battle Realm,28,1,0,2026-07-04T04:45:38Z,PT57S,T89WOje7iJE
ファンタジー 戦闘 BGM,FINAL FANTASY BATTLE challengeみんなはどの戦闘曲が好き？What’s everyone’s favorite battle theme?#challenge #nurad,musa channel,17729,204,17,2026-07-03T22:19:06Z,PT1M24S,_kct1jxFrZQ
ファンタジー 戦闘 BGM,【フリーBGM】『偽りの王』【ボス戦】【戦闘曲】,沙倉はるかのpop'n'BGM,311,8,2,2026-07-03T13:19:02Z,PT2M45S,M15aIOEGo0o
ファンタジー 戦闘 BGM,YouTubeタイトル【ケルト戦闘BGM】満月の王都を見下ろす月冠の王、黄金宮殿に下る開戦の剣｜Epic Celtic Battle Music,Celtic Battle Realm,26,1,0,2026-07-03T12:45:39Z,PT57S,6JgYjsZf93o
ファンタジー 戦闘 BGM,【フリーBGM】諸行無常│和風ボスの戦闘曲【エレクトロニックスウィング/和ロック/三味線/Battle】,【フリーBGM】Two Chan【素材】,242,4,0,2026-07-03T12:23:38Z,PT2M14S,n-QwyYrmuJM
ファンタジー 戦闘 BGM,【FF6ピクセルリマスター版】FF6あるある4【戦闘曲】 #レトロゲーム #finalfantasy #ファイナルファンタジー #ff6 #ピクセルリマスター,FF廃人(のりっぴーの空き部屋),17713,124,45,2026-07-03T12:15:04Z,PT1M22S,wj2BeG8kf7E
ファンタジー 戦闘 BGM,【Chronicles BGM】ショートアニメと共に楽しめる作業用BGM｜戦闘・ファンタジー・ゲームBGM｜ケルトミックス｜Battle Fantasy Music｜陽気な女海賊,Yggdrasil Sound Fruits | Dark Fantasy Boss BGM,15,0,0,2026-07-03T11:30:06Z,PT36M23S,Hg---DP4nYc
ファンタジー 戦闘 BGM,【ケルト戦闘BGM】月下に堕ちた翼と、最後の誓い｜Epic Celtic Battle Music,Celtic Battle Realm,286,11,0,2026-07-03T11:00:05Z,PT1H16M46S,9tRtjyRbuNU
ファンタジー 戦闘 BGM,【作業用BGM】戦闘音楽 Epic Battle Music/Rock Background Music『IMPULSE』,Soothing sound Mikan,2106,92,6,2026-07-03T10:58:24Z,PT1H4M44S,VHob5t8DFnI
ファンタジー 戦闘 BGM,【フリーBGM】絶対に突破させてはいけない防衛戦のBGM | The Last Bastion   Heroes Against the Underworld【かっこいい・戦闘・ヒロイック】,BGM Studio Noi,967,31,4,2026-07-03T09:00:38Z,PT3M54S,-U95HHaM7i8
戦闘BGM 疾走感,ヒロアカ風、熱い戦闘曲！【My Hero Academia style freeBGM】heroic2 battle4 / ヒロイック2バトル4【作業用BGM・素材】,【著作権フリーBGM】ぷるっと企画チャンネル,6,3,0,2026-07-21T07:00:04Z,PT3M8S,-0MS0V2tvec
戦闘BGM 疾走感,Break Me a Thousand Times ⚔️ UNBROKEN | Epic Samurai Battle BGM | Boss Fights & Soulslike,Rushblade Tokyo - Japanese Battle Music,3,1,0,2026-07-20T22:00:30Z,PT46M45S,Gll7U-pFFGw
戦闘BGM 疾走感,【作業用BGM】Epic Background Music 戦闘BGM/Hybrid Orchestral Battle　Rock『Voltaris』,Soothing sound Mikan,584,47,3,2026-07-20T12:20:27Z,PT1H2M3S,N1FKPVHk6i0
戦闘BGM 疾走感,【疾走感抜群】激闘シーンで盛り上がる戦闘曲｜Azure Gale【フリーBGM・かっこいい・EpicBattleMusic】,戦闘音楽工房 - Epic Battle Music,260,31,2,2026-07-20T09:00:11Z,PT3M31S,Xhl1--EFU2s
戦闘BGM 疾走感,Face the Goddess of Death ⚔️ IZANAMI | Epic Samurai Battle BGM | Boss Fights & Soulslike,Rushblade Tokyo - Japanese Battle Music,23,1,1,2026-07-19T22:00:14Z,PT47M47S,kejMuRNOqG8
戦闘BGM 疾走感,【Playlist】闇を撃ち抜け。アニソン風 Dark Pop × 疾走感｜作業用BGM,Dark Sugar Melody,254,9,1,2026-07-19T11:00:22Z,PT1H7M36S,V57MidibLUs
戦闘BGM 疾走感,【フリーBGM】ゲームミュージック#211　VGM,AI音楽,13,0,0,2026-07-19T09:31:04Z,PT3M12S,ID0ubXr2GME
戦闘BGM 疾走感,【フリーBGM】ゲームミュージック#209　VGM,AI音楽,3,0,0,2026-07-19T09:29:03Z,PT1M53S,8AqEPbXdTv8
戦闘BGM 疾走感,【フリーBGM】ゲームミュージック#210　VGM,AI音楽,0,0,0,2026-07-19T09:30:10Z,PT2M,hKEZvSyrIuw
戦闘BGM 疾走感,【フリーBGM】ゲームミュージック#207　VGM,AI音楽,2,0,0,2026-07-19T09:27:01Z,PT2M5S,6VnV5SCK0vg
戦闘BGM 疾走感,【フリーBGM】ゲームミュージック#208　VGM,AI音楽,1,0,0,2026-07-19T09:28:16Z,PT3M4S,GZS41Xw_0Co
戦闘BGM 疾走感,【フリーBGM】ゲームミュージック#206　VGM,AI音楽,2,0,0,2026-07-19T09:25:53Z,PT2M35S,Xpkm_0BiheE
戦闘BGM 疾走感,【フリーBGM】ゲームミュージック#205　VGM,AI音楽,1,0,0,2026-07-19T09:24:56Z,PT2M46S,JnAQYJOhOYE
戦闘BGM 疾走感,【フリーBGM】ゲームミュージック#203　VGM,AI音楽,9,0,0,2026-07-19T09:22:46Z,PT2M55S,xM-REMr4UCw
戦闘BGM 疾走感,【フリーBGM】ゲームミュージック#204　VGM,AI音楽,2,0,0,2026-07-19T09:23:41Z,PT2M52S,kWZ11XdA2Pc
戦闘BGM 疾走感,【フリーBGM】ゲームミュージック#202　VGM,AI音楽,1,0,0,2026-07-19T09:21:16Z,PT3M5S,4c8Vtv9H4Rs
戦闘BGM 疾走感,【フリーBGM】ゲームミュージック#201　VGM,AI音楽,6,0,0,2026-07-19T09:19:31Z,PT2M27S,7ATt4T5FXRI
戦闘BGM 疾走感,Rage Without a Sound ⚔️ SILENT FURY | Epic Samurai Battle BGM | Boss Fights & Soulslike,Rushblade Tokyo - Japanese Battle Music,17,1,1,2026-07-18T22:00:27Z,PT50M53S,bAs5cdWUWds
戦闘BGM 疾走感,【作業用BGM／1時間】戦闘モードに入る疾走系JRPGバトルメドレー｜YutoRhythm Battle Mode Vol.2,ゆとリズム yuto-rhythm,38,2,0,2026-07-18T13:00:34Z,PT1H31S,Ai7fB6AJ1Yc
戦闘BGM 疾走感,【作業用BGM】理（コトワリ）を燃やせ。―― 魂を揺さぶる叙事詩的ゴシック・サウンド全10曲,スフィア,10,0,0,2026-07-18T01:02:57Z,PT1H13M35S,vYoKzLihsaQ
戦闘BGM 疾走感,Stare Death in the Eye ⚔️ FEAR NOTHING | Epic Samurai Battle BGM | Boss Fights & Soulslike,Rushblade Tokyo - Japanese Battle Music,37,0,0,2026-07-17T22:00:09Z,PT45M11S,x1E8KZE0fM8
戦闘BGM 疾走感,砂漠風の戦闘BGM,naniittenno,9,3,4,2026-07-17T15:04:48Z,PT1M32S,1c5Nrs7WVr4
戦闘BGM 疾走感,【作業用BGM】Epic Background Music 戦闘BGM/Battle Egyptian Orchestral Rock『SOLARIS』,Soothing sound Mikan,1211,76,4,2026-07-17T11:31:59Z,PT1H5M15S,MLMHlO7mZmc
戦闘BGM 疾走感,【フリーBGM / Free BGM】Rivalry【RPG・戦闘・かっこいい・疾走感 / Battle・Epic 】#フリーBGM #FreeBGM #RoyaltyFreeMusic,柴田隼斗,87,5,0,2026-07-17T11:00:31Z,PT2M5S,gTvm-mJI5UU
戦闘BGM 疾走感,【フリーBGM】ガトリングレッド【Gatling Red】疾走感 かっこいい Jazzy 戦闘曲,P.P.K.のにゃんこラボ,127,8,6,2026-06-28T17:58:58Z,PT2M54S,dkMuued67Hg
戦闘BGM 疾走感,Overcurrent戦闘BGM,izuna,11,0,0,2026-07-17T09:30:31Z,PT5M4S,UzqZcW7AzpY
戦闘BGM 疾走感,Leave Nothing Standing ⚔️ NO MERCY | Epic Samurai Battle BGM | Boss Fights & Soulslike,Rushblade Tokyo - Japanese Battle Music,45,1,1,2026-07-16T22:00:24Z,PT43M17S,le9UidTERtI
戦闘BGM 疾走感,【フリーBGM】秩序が崩壊した世界の中で「No Man's Land」【戦闘BGM／かっこいい／疾走感】,ルメリアの旋律,89,4,0,2026-07-16T09:00:05Z,PT2M9S,WgwjoDwT8Hc
戦闘BGM 疾走感,熱い戦闘曲！ Heroic Battle FreeBGM / ヒロイックバトル6【作業用BGM・素材】,【著作権フリーBGM】ぷるっと企画チャンネル,33,4,0,2026-07-16T07:00:35Z,PT3M28S,0ofKf1yftAc
戦闘BGM 疾走感,Epic Japanese Battle Music | Japanese Rock Instrumental | NINJA Style | 疾走感あふれる和風ロックバトルBGM｜和楽器インスト,Epic Japanese Music,26,2,1,2026-07-16T05:26:56Z,PT1H10S,3pUCXVvP84w
戦闘BGM 疾走感,Command the Storm ⚔️ TENJIN | Epic Samurai Battle BGM | Boss Fights & Soulslike,Rushblade Tokyo - Japanese Battle Music,40,1,0,2026-07-15T22:00:02Z,PT45M3S,Nqf8aFwwDgA
戦闘BGM 疾走感,【作業用BGM】戦闘音楽 Epic Battle Music/Rock Background Music『Sanctis』,Soothing sound Mikan,1543,76,2,2026-07-15T12:45:51Z,PT1H55S,-wb10fs8bPE
戦闘BGM 疾走感,【スーファミ風 フリーBGM】疾走感マシマシのロックな戦闘曲 | SNES Royalty Free Music,ノザワ音楽工房 | レトロゲーム風 フリーBGM,93,2,0,2026-07-15T12:00:35Z,PT3M2S,4aqQn10j1z4
戦闘BGM 疾走感,Defy Death Itself ⚔️ IZANAGI | Epic Samurai Battle BGM | Boss Fights & Soulslike,Rushblade Tokyo - Japanese Battle Music,35,1,0,2026-07-14T22:00:17Z,PT43M43S,YPc9_kg3rGw
戦闘BGM 疾走感,【作業用BGM】【Over world Breaker】High-Tempo RPG Battle Rock Mix #battlemusic,Orangeright,72,3,0,2026-07-14T12:37:06Z,PT1H35M34S,xW_FBvhRoKo
戦闘BGM 疾走感,ヒロアカ風、熱い戦闘曲！【My Hero Academia style freeBGM】heroic2 battle3 / ヒロイック2バトル3【作業用BGM・素材】,【著作権フリーBGM】ぷるっと企画チャンネル,107,5,0,2026-07-14T07:00:21Z,PT3M2S,XLuStF_p-Ro
戦闘BGM 疾走感,Unleash the God of Fire ⚔️ KAGUTSUCHI | Epic Samurai Battle BGM | Boss Fights & Soulslike,Rushblade Tokyo - Japanese Battle Music,85,3,0,2026-07-13T22:00:22Z,PT41M3S,QREpANePg0w
戦闘BGM 疾走感,炎の向こうへ、立ち上がれ。#戦闘BGM #アニメロック #エピック音楽 #燃える曲 #ゲームBGM#バトルミュージック #熱い曲 #燃える曲 #かっこいい曲 #テンションが上がる曲 #疾走感,Luna Quiet BGM,69,1,0,2026-07-13T12:15:19Z,PT31S,CmE1Mv2v-gw
戦闘BGM 疾走感,【和風Rock】スタイリッシュな戦闘曲！「再戦 - RETRY -」｜戦闘・疾走感・かっこいい・和ロック・歌あり・フリーBGM【JapaneseRock】,【和Rock】Enjoy the sound,131,4,1,2026-07-13T12:00:04Z,PT3M50S,sQjtiDsDbGQ
戦闘BGM 疾走感,【作業用BGM】Epic Background Music 戦闘BGM/Battle Celtic Symphonic Rock『Pulver』,Soothing sound Mikan,877,54,3,2026-07-13T11:12:42Z,PT1H7M18S,X0BtlAa4XRM
戦闘BGM 疾走感,【戦闘・フリーBGM】Ignition Symphony【作業・勉強】,DopaDopa Beat,56,3,0,2026-07-13T09:00:01Z,PT3M10S,nV2f5XZUYTs
戦闘BGM 疾走感,【フリーBGM】 - 運命共同体 - 【疾走感／和風／戦闘】,コンポツ,13,1,1,2026-07-13T08:30:00Z,PT3M5S,vVD2zbicNEU
戦闘BGM 疾走感,Reclaim What You Lost ⚔️ REDEMPTION | Epic Samurai Battle BGM | Boss Fights & Soulslike,Rushblade Tokyo - Japanese Battle Music,23,2,1,2026-07-12T22:00:32Z,PT52M,TXBb946BoYQ
戦闘BGM 疾走感,【著作権フリー】配信向け 戦闘BGM｜Dark Cinematic Gaming Music「gunfight 3」,ひろっち / ゲームと音楽,66,6,0,2026-07-12T02:39:12Z,PT33M34S,DQBcvwY_lfs
戦闘BGM 疾走感,Fight for Your Honor ⚔️ FOR HONOR | Epic Samurai Battle BGM | Boss Fights & Soulslike,Rushblade Tokyo - Japanese Battle Music,65,1,0,2026-07-11T22:00:16Z,PT54M15S,hIUc_EnMt_o
戦闘BGM 疾走感,120.和風ロック戦闘曲,ジュラのワークショップ,49,1,1,2026-07-11T16:40:43Z,PT27M13S,BRnv615plzI
戦闘BGM 疾走感,『REVIVE BLAZE』ダークファンタジー戦闘曲 -【 Kalafina風】【架空アニソン風】【神秘的な女性コーラス】【AI music】,スパイダック MUSIC,434,16,1,2026-07-11T16:06:35Z,PT4M48S,csvquj24qH4
戦闘BGM 疾走感,【フリーBGM】戦闘　銀髪の戦乙女【戦闘・疾走感】,チカの音の缶詰　Chika's Sound Can,10,0,0,2026-07-11T15:00:08Z,PT4M52S,DhCQ6SZnKe4
戦闘BGM 疾走感,東方風…？では恐らく無い戦闘BGM,naniittenno,212,8,4,2026-07-11T14:46:10Z,PT1M59S,kXo_MwP-QzQ
戦闘BGM 疾走感,『Punch the World Awake』歌あり戦闘曲【persona 5 style freeBGM】Acid jazz・Funk rock 5 / ペルソナ5風 アシッドジャズ・ファンクロック,【著作権フリーBGM】ぷるっと企画チャンネル,41,2,0,2026-07-11T14:00:34Z,PT32S,Xq_xmypBo6k
オリジナル 戦闘曲,黒雲下 #オリジナル曲#インスト #戦闘bgm #バトル,へたつhetatu,124,0,0,2026-07-19T05:53:39Z,PT1M15S,9WWfPEVCLkY
オリジナル 戦闘曲,♪交差された斧  [  closed ax  ]  ・オリジナル曲 #bgm #musicline #戦闘bgm #music #オリジナル曲#originalbgm,innocence,618,3,0,2026-07-16T12:15:47Z,PT2M36S,WqchU6LGDRc
オリジナル 戦闘曲,【オリジナル曲】夏暁の空（フルバージョン）【アトリエ風】,D.T.M.S official,19,0,0,2026-07-16T09:37:46Z,PT2M51S,9lwSv8X6FXY
オリジナル 戦闘曲,【毎週作曲7】戦闘BGM的な何かN #オリジナル曲 #ギター #ロック #イエローオキサイド,イエローオキサイド,198,1,0,2026-07-15T13:08:26Z,PT55S,83o9mRA_Rew
オリジナル 戦闘曲,【オリジナル曲】アイシクル・バトル,いい男のダゲキ,26,0,0,2026-07-14T03:52:43Z,PT1M38S,G3r899jNAsE
オリジナル 戦闘曲,【オリジナル曲】風林火山,いい男のダゲキ,25,0,0,2026-07-14T03:51:20Z,PT1M49S,IiC3TTpBjuo
オリジナル 戦闘曲,【戦闘曲風アニメ主題歌】WE WILL FIGHT UNTIL THE END / 最後まで戦う【壮大合唱 x Military Metal】｜最終決戦【戦記風オリジナル曲】,Panzer Echoes,2679,127,9,2026-07-13T12:00:43Z,PT4M53S,4B-Ow1BSMRM
オリジナル 戦闘曲,【著作権フリー】配信向け 戦闘BGM｜Dark Cinematic Gaming Music「gunfight 3」,ひろっち / ゲームと音楽,66,6,0,2026-07-12T02:39:12Z,PT33M34S,DQBcvwY_lfs
オリジナル 戦闘曲,#shorts 『REVIVE BLAZE』ダークファンタジー戦闘曲 -【 Kalafina風】【架空アニソン風】【神秘的な女性コーラス】#aimusic #オリジナル曲 #AnimeSong,スパイダック MUSIC,222,1,0,2026-07-11T16:57:06Z,PT41S,pNpID6Mz6C0
オリジナル 戦闘曲,120.和風ロック戦闘曲,ジュラのワークショップ,49,1,1,2026-07-11T16:40:43Z,PT27M13S,BRnv615plzI
オリジナル 戦闘曲,【オリジナルBGM】英傑の謡_お蔵入り曲(2026),rakuonn,36,3,0,2026-07-11T09:12:07Z,PT1M58S,m9ANgS6DBmI
オリジナル 戦闘曲,【オリジナル戦闘曲】『Midnight Trigger』ペルソナ3風モダンファンク【persona 3 style freeBGM】Acid jazz・Modern Funk BGM  #shorts,【著作権フリーBGM】ぷるっと企画チャンネル,9,2,0,2026-07-10T14:00:21Z,PT37S,4142Id5y2dY
オリジナル 戦闘曲,フリーBGM【オリジナル戦闘曲】『Midnight Trigger』ペルソナ3風モダンファンク【persona 3 style freeBGM】Acid jazz・Modern Funk BGM,【著作権フリーBGM】ぷるっと企画チャンネル,95,6,0,2026-07-10T13:30:05Z,PT2M38S,YPXuRN1NIek
オリジナル 戦闘曲,【OCTOPATH TRAVELER Style3】オクトパストラベラー風オリジナル戦闘BGM3（作業用）,なな条ねぎ / Nana×Negi Music,1117,35,4,2026-07-10T10:39:46Z,PT2M53S,6Nv6PCM5E9E
オリジナル 戦闘曲,ロマサガ風 戦闘曲 Battle 2 オリジナルBGM,ロマサガ風 戦闘曲BGM【HamHam】,17,1,0,2026-07-09T11:22:56Z,PT2M46S,c1yVbfyjgi0
オリジナル 戦闘曲,shorts 【みらくるぱんち】 #Miracle Punch #guitar #戦闘曲 #BGM  #オリジナルミュージック #オリジナル #作曲してみた #みらくるぱんち #3拍子 #音楽,冷凍とうきび,3,0,0,2026-07-09T08:15:13Z,PT48S,6gJfHGblQJU
オリジナル 戦闘曲,【戦闘BGM】みらくるぱんち｜3拍子ギターバトル【オリジナル】Miracle Punch｜Original Battle BGM【3/4 Guitar Battle】【Original Music】,冷凍とうきび,26,1,0,2026-07-09T07:45:17Z,PT1M58S,qFDLfNnsgVg
オリジナル 戦闘曲,【著作権フリー】配信向け 戦闘BGM｜Dark Cinematic Gaming Music「gunfight 2」,ひろっち / ゲームと音楽,57,1,0,2026-07-09T03:06:22Z,PT24M44S,XOHwrAl4ync
オリジナル 戦闘曲,Battle BGM #01 - Shadow Assault  #オリジナル曲 #bgm #オリジナル #sunoai #戦闘bgm,スタ奏ミュージック,119,1,0,2026-07-08T15:59:17Z,PT15S,XIrRsi7hY34
オリジナル 戦闘曲,【著作権フリー】配信向け 戦闘BGM｜Dark Cinematic Gaming Music「gunfight」,ひろっち / ゲームと音楽,47,2,0,2026-07-08T12:30:04Z,PT40M4S,xYKbzyLNUvA
オリジナル 戦闘曲,【戦闘曲風アニメ主題歌】 MARCH OF NORTHERN EMPIRE / 北方帝国行進曲【パワフルボーカル x Military Metal Ver.】｜ラスボス戦【戦記風オリジナル曲】,Panzer Echoes,11007,519,19,2026-07-07T12:00:30Z,PT5M21S,B320vPuqpY4
オリジナル 戦闘曲,サイバーパンク・電脳トランス風オリジナル戦闘曲２【フリーBGM】近未来/SF/サイボーグ【freeBGM・作業用BGM】#shorts,【著作権フリーBGM】ぷるっと企画チャンネル,232,1,0,2026-07-06T14:00:21Z,PT39S,DYSw0IjE-rw
オリジナル 戦闘曲,サイバーパンク・電脳トランス風オリジナル戦闘曲２【フリーBGM】近未来/SF/サイボーグ【freeBGM・作業用BGM】,【著作権フリーBGM】ぷるっと企画チャンネル,150,9,0,2026-07-06T13:30:13Z,PT2M55S,Y_f-Kn2jzf8
オリジナル 戦闘曲,#shorts 『Black Requiem』ダークファンタジー戦闘曲 -【 Kalafina風】【架空アニソン風】【神秘的な女性コーラス】#aimusic #オリジナル曲 #AnimeSong,スパイダック MUSIC,164,2,0,2026-07-05T09:39:14Z,PT43S,N_bW1owtn6U
オリジナル 戦闘曲,wowsb歌謡曲　オークランド完成記念。　　【オリジナル曲】　ポリネシア諸語（モアナ風）で戦闘曲を作ってみた。　　Polynesian cultural war dances,Torpedo&SUKIMAKAZE,40,4,0,2026-07-05T01:03:20Z,PT6M2S,iH8XQBPU74Q
オリジナル 戦闘曲,【オリジナル曲】Nox Irae【戦闘曲/インスト】,うずしを,74,0,0,2026-07-04T08:00:13Z,PT3M15S,NQdoJawMwSI
オリジナル 戦闘曲,FF5 戦闘曲に歌詞をつけて歌ってみた【素人がOP風MVも作ってみた】,ポポさん,9512,184,11,2026-07-01T13:35:40Z,PT3M6S,orlty7TiR7Q
オリジナル 戦闘曲,【オリジナル曲】戦闘BGMを作りたいと思い。,Mito(みと),9,0,0,2026-06-30T17:42:41Z,PT2M20S,rXG_mUTzMMY
オリジナル 戦闘曲,第壱拾弐聖杯戦闘曲［イザル☆ワユオリジナル曲］,IXAL☆VEY,17,1,0,2026-06-30T03:59:17Z,PT2M37S,9cqaZ-Lw9d4
オリジナル 戦闘曲,【Curtain up！】シアトリカル・ファンク/Theatrical Jazz Funk/ゲーム戦闘BGM風インスト / オリジナル曲×AI/【ぽんまる】 #shorts,ぽんまる AI Music Lab,307,2,0,2026-06-29T15:05:24Z,PT41S,MJX68EJEr8w
オリジナル 戦闘曲,【Curtain up！】シアトリカル・ファンク/Theatrical Jazz Funk/ゲーム戦闘BGM風インスト / オリジナル曲×AI/【ぽんまる】,ぽんまる AI Music Lab,19,1,0,2026-06-29T12:25:12Z,PT1M54S,SbagGOQnFa4
オリジナル 戦闘曲,【※再投稿】【字幕なし】『BREAK THE DESTINY』ダークファンタジー戦闘曲 -【 Kalafina風】【架空アニソン風】【神秘的な女性コーラス】【AI music】,スパイダック MUSIC,371,16,1,2026-06-28T11:08:53Z,PT4M10S,6RhKHyX5EJg
オリジナル 戦闘曲,【※再投稿】【字幕なし】『崩れ落ちる静寂』Kalafina風 ゴシックコーラス戦闘曲 -【架空アニソン】【女性コーラス】【AI music】,スパイダック MUSIC,625,15,1,2026-06-28T10:37:20Z,PT4M43S,Q6WZKtu0EmM
オリジナル 戦闘曲,【オリジナルBGM】古びた人形劇_お蔵入り戦闘曲(2026),rakuonn,44,4,0,2026-06-28T08:50:20Z,PT1M54S,vkoBU-dF26I
オリジナル 戦闘曲,#shorts 『沈みゆく空の色』ダークファンタジー戦闘曲 -【 Kalafina風】【架空アニソン風】【神秘的な女性コーラス】#aimusic #オリジナル曲 #AnimeSong,スパイダック MUSIC,102,2,0,2026-06-28T03:13:34Z,PT59S,csa5FkVCDKI
オリジナル 戦闘曲,「鬼滅の刃」冨岡義勇 戦闘BGM｜打ち潮・凪 メドレー【ピアノ弾いてみた】,YOSHIDA YUKINO,256,12,1,2026-06-27T04:00:16Z,PT2M29S,sm-jeIiaH4I
オリジナル 戦闘曲,[フリー素材]戦闘BGM『窮地』乱戦曲,キヤラ,32,0,1,2026-06-26T13:17:35Z,PT1M1S,4cOvnF8QOYQ
オリジナル 戦闘曲,澤野弘之っぽい戦闘曲の作り方~閃光のハサウェイ風~ #shorts #dtm #dtmオリジナル曲 #オリジナル曲 #澤野弘之 #閃光のハサウェイ #ガンダム #music #cinematic,EpicOrderSounds,1183,16,0,2026-06-26T11:32:25Z,PT1M13S,W_1iWZA2XrM
オリジナル 戦闘曲,【AIで歌ってみた】FF4 戦闘曲に歌詞をつけて歌ってみたら熱すぎた！FINAL FANTASY IV Battle Theme,ポポさん,5612,73,3,2026-06-24T22:43:04Z,PT2M39S,98zPNDfcxbU
オリジナル 戦闘曲,【オリジナル曲】戦闘曲（めらめらver.）　- Flower of Nightmare -,たこいぬ / TakoDoggo,57,5,0,2026-06-23T14:10:49Z,PT2M14S,Hb55yj6W6Yc
オリジナル 戦闘曲,♪The Blade Has Fallen・オリジナル曲・originalbgm #bgm #musicline #オリジナル曲#戦闘bgm,innocence,563,4,0,2026-06-23T10:05:11Z,PT2M28S,biDwqx-5hV0
anime battle bgm,【作業用BGM】Epic Background Music 戦闘BGM/Hybrid Orchestral Battle　Rock『Voltaris』,Soothing sound Mikan,584,47,3,2026-07-20T12:20:27Z,PT1H2M3S,N1FKPVHk6i0
anime battle bgm,When You Run Toward It｜Epic Japanese Battle Music (和風戦闘BGM)[NO ADS],Ronin Tunes,72,1,0,2026-07-20T11:15:17Z,PT1H5M2S,JyZM_h-r8cw
anime battle bgm,くれあさん覚醒シーンにドッカンバトルBGMを付けてしまいました #ドラゴンボール #ドッカンバトル #名探偵プリキュア #キュアエクレール #帆羽くれあ,むぞん,2514,37,0,2026-07-20T10:40:32Z,PT33S,qSRY04ycWN4
anime battle bgm,覚醒BGM】黄金雷光の大魔法｜アニメ・ゲーム風シンフォニックバトル,Legendary HERO Music,6,1,0,2026-07-20T10:00:35Z,PT53M26S,gwMSzesbhi0
anime battle bgm,Dragon's Resolve - Rise Against Fate | Epic Anime-Style Battle BGM,Ryujin Realm,0,0,0,2026-07-20T07:45:14Z,PT10M10S,KmfYQ-C1x1c
anime battle bgm,超魔神カイザリオン - Kaiserion Nova -｜鋼の魔神、覚醒せよ｜Super Robot Anime OP × Mecha Battle Rock × 熱血メカバトル音楽,Asura Anime Music,240,4,0,2026-07-20T06:00:19Z,PT24S,i7Ld1_zYMYc
anime battle bgm,Reign of Defiance | Epic Japanese Battle Music (和風戦闘BGM)[NO ADS],Ronin Tunes,32,0,1,2026-07-19T11:15:32Z,PT1H7M34S,KAXpOljUFBU
anime battle bgm,BYAKKO【白虎】☯ Epic Japanese Fantasy Music ☯ White Tiger Battle BGM (work/gaming),Neo Edo Kitsune,33,0,0,2026-07-16T09:00:04Z,PT2H11M24S,rUCnMO49bA8
anime battle bgm,【ゲームBGM風】最終決戦BGM〜天空の神殿〜30分｜霧ノ宮市 朝 9:02,MUGEN Music,0,0,0,2026-07-16T07:31:28Z,PT30M1S,ELK7JkKj-Vc
anime battle bgm,熱い戦闘曲！ Heroic Battle FreeBGM / ヒロイックバトル6【作業用BGM・素材】,【著作権フリーBGM】ぷるっと企画チャンネル,33,4,0,2026-07-16T07:00:35Z,PT3M28S,0ofKf1yftAc
anime battle bgm,Japanese Ninja Battle Music Vol.2 | Epic Anime OST 25 Min | 紅蓮の忍 バトル BGM,Japanese Lofi House,4,0,0,2026-07-16T01:20:04Z,PT25M45S,zCHf27WVOCQ
anime battle bgm,Japanese Ninja Battle Music | Epic Anime Soundtrack 30 Min | 忍者バトル BGM 和風アニメ,Japanese Lofi House,49,1,0,2026-07-16T01:09:05Z,PT31M43S,tzRFmoO1Ovk
anime battle bgm,Command the Storm ⚔️ TENJIN | Epic Samurai Battle BGM | Boss Fights & Soulslike,Rushblade Tokyo - Japanese Battle Music,40,1,0,2026-07-15T22:00:02Z,PT45M3S,Nqf8aFwwDgA
anime battle bgm,サイバーパンク侍BGM ⚔️ バトルアニメみたいな神BGM #shorts #anime #gamingmusic,Samurai Battle BGM【和楽器×ロック】,111,0,0,2026-07-15T22:00:01Z,PT41S,FhlS98YiiZo
anime battle bgm,鬼神降臨 - Dark Japanese Lofi Samurai Boss Battle BGM,LOFI-JP,43,2,0,2026-07-15T20:04:14Z,PT1H1M35S,0U6YM9sLlws
anime battle bgm,【Battle BGM】Crossroads of Fate - The General of the Underworld and the Valiant Magic Swordsman【Free】,NHT music,54,4,2,2026-07-15T15:30:00Z,PT2M40S,kA5hImIS8Ac
anime battle bgm,【Celtic Battle BGM】Knight of the Blue Spirit Wolf｜Fast-Paced Fantasy Battle Music,Celtic Battle Realm,358,1,0,2026-07-15T15:00:03Z,PT57S,_c5H8u33ZCM
anime battle bgm,バトルロワイアルにしんちゃんのBGMつけてみた #アニメ#映画,コロッケ号の船長,1333,9,1,2026-07-15T12:03:17Z,PT19S,jGi9k8p3f18
anime battle bgm,When You Run Toward It｜Epic Japanese Battle Music (和風戦闘BGM)[NO ADS],Ronin Tunes,356,8,1,2026-07-15T11:15:30Z,PT1H5M2S,s0YhQzfR_rk
anime battle bgm,鉄扇の舞 ｜ Epic Japanese Battle Music (和風戦闘BGM),Bushido Ignite,6,0,0,2026-07-15T11:00:34Z,PT1H7M30S,QgE1FEAztpc
anime battle bgm,【SUNO × 神域プロジェクト】 『悪魔バトル』 BGMのみです！,遊雪 音楽 チャンネル,97,3,0,2026-07-15T09:30:38Z,PT46S,QfOJRwDZCoI
anime battle bgm,Samurai Girl ⚔️ 作業・勉強がはかどる和風バトルBGM #shorts #作業用bgm #勉強用bgm,Samurai Battle BGM【和楽器×ロック】,68,0,0,2026-07-15T09:00:18Z,PT41S,7p1tcWdTauI
anime battle bgm,Anime battle theme! 6【EpicSymphonicRock FreeBGM / Work BGM / Royalty-Free Music】#shorts,【著作権フリーBGM】ぷるっと企画チャンネル,25,2,0,2026-07-15T07:30:27Z,PT45S,7v6gBmdklTA
anime battle bgm,アニメ戦闘曲【Epic symphonic rock freeBGM】AnimeBattle BGM / アニメバトル6【作業用BGM・素材】,【著作権フリーBGM】ぷるっと企画チャンネル,49,4,0,2026-07-15T07:00:02Z,PT2M34S,DA8h9JEmkDQ
anime battle bgm,【Celtic Battle BGM】Knight of the Blue Spirit Wolf｜Fast-Paced Fantasy Battle Music,Celtic Battle Realm,65,0,0,2026-07-14T19:56:45Z,PT57S,KstL2N_o-Y8
anime battle bgm,Emotion Creators OST: Battle 3 (BGM 03 02),Поликарп Щелчков,3,0,0,2026-07-14T18:41:35Z,PT1M48S,Az5KsBwddcU
anime battle bgm,Emotion Creators OST: Battle 2 (BGM 03 01),Поликарп Щелчков,138,2,0,2026-07-14T18:40:53Z,PT1M53S,m640LjuW-mM
anime battle bgm,【Epic Japanese Rock Battle BGM】宵神楽 -Crimson Dream Prelude- ｜ 夏祭り×祭囃子×和風ダークファンタジー、ギターとピアノが紡ぐ幻想戦闘曲,藤苑テラリウム,123,10,0,2026-07-14T09:00:07Z,PT4M5S,HloEjfs1mLA
anime battle bgm,Unleash the God of Fire ⚔️ KAGUTSUCHI | Epic Samurai Battle BGM | Boss Fights & Soulslike,Rushblade Tokyo - Japanese Battle Music,85,3,0,2026-07-13T22:00:22Z,PT41M3S,QREpANePg0w
anime battle bgm,【作業用BGM】Epic Background Music 戦闘BGM/Battle Celtic Symphonic Rock『Pulver』,Soothing sound Mikan,877,54,3,2026-07-13T11:12:42Z,PT1H7M18S,X0BtlAa4XRM
anime battle bgm,【Final Boss Battle BGM 】World Requiem,蒼域BGM Lab,3435,203,17,2026-07-13T05:40:11Z,PT13M54S,sFE-W5Y0BLw
anime battle bgm,Reclaim What You Lost ⚔️ REDEMPTION | Epic Samurai Battle BGM | Boss Fights & Soulslike,Rushblade Tokyo - Japanese Battle Music,23,2,1,2026-07-12T22:00:32Z,PT52M,TXBb946BoYQ
anime battle bgm,【ポケモン風BGM】激熱バトル音楽｜作業用・勉強用・ゲーム作業用,ポケモン風BGM,172,2,0,2026-07-12T21:00:39Z,PT57M,5FLkWA9QkwQ
anime battle bgm,Last Stand of the Samurai｜Epic Japanese Battle Music (和風戦闘BGM)[NO ADS],Ronin Tunes,115,2,0,2026-07-12T11:15:16Z,PT1H4M29S,VkVl-XhLe78
anime battle bgm,【Celtic Battle BGM】Knight of the Blue Spirit Wolf｜Fast-Paced Fantasy Battle Music,Celtic Battle Realm,155,4,0,2026-07-12T11:00:09Z,PT2H11M21S,XB3qQ8oARr8
anime battle bgm,バトルBGM Vol.1,Shuki - Topic,2,0,0,2026-07-12T06:40:12Z,PT3M53S,ZJBPoB1in1M
anime battle bgm,Goner【battle BGM】,Yuzk,53,5,0,2026-07-11T23:29:36Z,PT1M26S,53nDtMqyiUM
anime battle bgm,Wrath Tenchu | Japanese Shamisen Trap | Dark Battle BGM 1 Hour,KATANA Beats,84,3,0,2026-07-11T11:00:09Z,PT1H2M43S,IZvae8Z-L68
anime battle bgm,【神BGM】 Logia  | Epic Piano Battle Theme | KIDO Series | Emotional Orchestral Boss Fight Music,NEON RIST ,179,6,2,2026-07-11T10:00:06Z,PT3M8S,trIWRA6i-es
anime battle bgm,Call Down the Thunder God ⚔️ TAKEMIKAZUCHI | Epic Samurai Battle BGM | Boss Fights & Soulslike,Rushblade Tokyo - Japanese Battle Music,82,2,0,2026-07-10T22:00:23Z,PT41M23S,PX_l1VCJ3S8
anime battle bgm,Seize Your Destiny｜Epic Japanese Battle Music (和風戦闘BGM),Gameflow Tunes Tokyo,3906,107,12,2026-07-10T12:00:25Z,PT43M27S,nWIhplxxIq4
anime battle bgm,【作業用BGM】Epic Background Music 戦闘BGM/Battle Rock『HIGAN』,Soothing sound Mikan,2100,107,6,2026-07-10T11:33:05Z,PT1H1M5S,uQef803SM9c
anime battle bgm,🌸 Sakura Blade | Epic Japanese Battle BGM ⚔️ KIDO Series | Cinematic Samurai Music,NEON RIST ,254,7,0,2026-07-10T11:00:11Z,PT46S,NwxCYzl8rG8
anime battle bgm,【戦闘BGM】#46-02 ARCTIC IMPACT｜SF×氷のアンドロイド《フロリア》AI生成音楽 Battle Music,Project Floria-F,38,3,1,2026-07-10T10:00:30Z,PT27M32S,UIbBNfB0t-c
anime battle bgm,【フリーBGM】Rise to Victory【戦闘・覚醒・かっこいい・Epic Battle Music】,戦闘音楽工房 - Epic Battle Music,788,47,2,2026-07-10T09:30:03Z,PT3M10S,erh4pdGhdbg
anime battle bgm,SUZAKU【朱雀】☯ Epic Japanese Fantasy Music ☯ Phoenix Battle BGM (work/gaming),Neo Edo Kitsune,122,8,0,2026-07-10T09:00:12Z,PT2H10M54S,CBY2IlIppDw
anime battle bgm,作業用神BGM 1時間　Sakura Blade | Epic Japanese Battle BGM ⚔️ KIDO Series | Cinematic Samurai Music,NEON RIST ,114,5,0,2026-07-10T03:54:01Z,PT1H1M48S,iFo3q7NC8ik
anime battle bgm,バトルBGM 〜ヴァイオリンの戦場〜,ビージ🌷マネフォミー楽しみ隊員です🌷,7,0,0,2026-07-10T02:20:15Z,PT3M53S,ACWXeziTyGA
anime battle bgm,Blood Demon Art – Epic Anime Cinematic Battle Music 🔥 | Hybrid Orchestral BGM (No Vocals),SSV Visuals,67,7,0,2026-07-10T00:30:21Z,PT3M28S,oEiLCztH7Ck
anime battle bgm,凍土の覇者 - Sovereign of the Frozen Wastes【戦闘BGM / Epic Battle Music】,CRIMSON VALKYRIE ,190,11,0,2026-07-10T00:00:25Z,PT37M56S,eclgdeU0FgQ
作業用BGM 神曲,【50分耐久】[作業用BGM]三国志英傑伝 - PROMENADE[PC98],JOE's BGM,0,0,0,2026-07-21T09:00:03Z,PT50M14S,_-cOVlsU77s
作業用BGM 神曲,🌙おやすみ前のストーリー：【眠れる歴史】ダンテ神曲「地獄・煉獄・天国を巡る、人類史上最高の魂の旅」｜小さな深夜書房,かとう そら,0,0,0,2026-07-20T21:23:22Z,PT54M12S,vct0Qzn7yvc
作業用BGM 神曲,【洋楽Playlist】再生回数10億回を突破した世界的な洋楽ポップスヒットチャート 🎧 誰もが一度は聴いたことがある超人気神曲集 | テンションを上げて効率的に仕事をするための作業用BGM ✨,Pure Vinyl,1,0,0,2026-07-20T21:00:31Z,PT1H36M54S,hwn1zoBfb18
作業用BGM 神曲,【作業用BGM】個人的に好きなオリジナルボカロ曲10選【総集編】,黒海苔,34,1,11,2026-07-20T15:27:56Z,PT40M59S,pQKA0ApfJiA
作業用BGM 神曲,【50分耐久】[作業用BGM]三国志英傑伝 - CAOCAO[PC98],JOE's BGM,9,1,0,2026-07-20T09:00:33Z,PT50M14S,g1cRvgFVIX0
作業用BGM 神曲,【集中モード🔥】集中が途切れない神曲Playlist【作業用BGM/勉強用BGM/モチベーションUP】,TokyoPulseMusic,7,1,0,2026-07-20T07:00:31Z,PT55M44S,nL7-49hyADs
作業用BGM 神曲,【作業用BGM】個人的に好きなオリジナル曲10選【総集編】,黒海苔,39,1,11,2026-07-20T06:14:28Z,PT44M23S,napaujFzuNU
作業用BGM 神曲,【2026年最新】洋楽ヒットチャート 🔥 中毒性ヤバいテンション爆上がり神曲メドレー｜ずっと聴けるノンストップ再生,最新洋楽,201,31,1,2026-07-19T23:00:20Z,PT1H32M13S,B7AIO9iNEys
作業用BGM 神曲,【神曲注意】花火が爆裂エモくなるPlaylist│花火│恋愛│失恋│青春│J-POP│BGM│ドライブ・作業・気分転換・モチベーションUP,THREE TAKE　MusicSituation,51,3,0,2026-07-19T09:48:34Z,PT1H2M52S,CzhgZwKK6H4
作業用BGM 神曲,【50分耐久】[作業用BGM]三国志英傑伝 - 金の砂、銀の楼閣[PC98],JOE's BGM,10,1,0,2026-07-19T09:00:37Z,PT50M14S,wIuOPK19eXY
作業用BGM 神曲,【2026最新版】King Gnu 作業用BGM 🎧 神曲30選｜白日・SPECIALZ・AIZO・SO BAD・TWILIGHT!!!【広告なし】,演歌レジェンド,7,0,0,2026-07-18T22:15:22Z,PT1H12M43S,fOZpHg9KEOU
作業用BGM 神曲,【2026年7月最新西洋音楽チャート】再生回数10億回突破の超人気洋楽ヒットチャート 🎧 誰でも一度は聴いたことがある世界的な神曲ポップソング集✨ビルボードチャート | 作業用BGM ✨,Daily Energy,1141,9,0,2026-07-18T21:00:16Z,PT1H38M57S,zDPgT_wZj9w
作業用BGM 神曲,【作業用BGM】アニメOPみたいなかっこいいオリジナルロック曲10選【総集編】,黒海苔,73,1,11,2026-07-18T15:00:20Z,PT40M40S,jDmPFDCdkO8
作業用BGM 神曲,【BTS 神曲メドレー】最高の作業用BGM・極上の睡眠用プレイリスト,Music Broadcast,12,2,0,2026-07-18T12:00:32Z,PT1H11M37S,qH5YI0Z1MEo
作業用BGM 神曲,【Flow Mode🔥】最高にノリノリになれる神曲PlayList  ~Mirror~【作業用BGM/勉強用BGM/モチベーションUP/ドライブ/Focus】,Tokyo HipHop Girl,2600,79,6,2026-07-18T12:00:29Z,PT1H17M45S,AhOYepp5HmM
作業用BGM 神曲,【50分耐久】[作業用BGM]三国志英傑伝 - OUTSIDERS[PC98],JOE's BGM,18,3,0,2026-07-18T09:00:22Z,PT50M14S,ark8_-5Ah58
作業用BGM 神曲,【洋楽 ヒット チャート 】再生回数10億回突破の超人気洋楽ヒットチャート 🎧 誰でも一度は聴いたことがある世界的な神曲ポップソング集 | 作業用BGM ✨,メロディ・レーン,5,0,0,2026-07-17T21:00:36Z,PT1H32M49S,HEzNud-anQs
作業用BGM 神曲,【神曲】疲れを吹き飛ばすEDMメドレー60分⚡ゲーム・作業・筋トレBGM,爆踊り⚡BAKUODORI,0,0,0,2026-07-17T10:00:37Z,PT1H7M21S,E47c2eHeUlU
作業用BGM 神曲,【50分耐久】[作業用BGM]三国志英傑伝 - オープニング〜初期設定[PC98],JOE's BGM,31,1,0,2026-07-17T09:00:34Z,PT50M15S,luVlL9fLATk
作業用BGM 神曲,夜更けに聴きたいアニメ神曲ジャズカバー集｜Butter-Fly・シルシ・明け星・Aishiteru【癒し・睡眠・作業用BGM】,Jazz no sakura,80,0,0,2026-07-17T07:00:00Z,PT32M3S,DTkylHmEgMA
作業用BGM 神曲,【YOASOBI曲 広告 なし】YOASOBI 神曲メドレー🎧 全曲ヒットソング集｜オリオン・人気曲・作業用BGM【歌詞付き】,J-POPメドレーPlaylist,8,0,0,2026-07-16T21:00:31Z,PT1H58M38S,_sHZ-px3jXQ
作業用BGM 神曲,【YOASOBI曲 広告 なし】YOASOBI 神曲メドレー🎧 全曲ヒットソング集｜オリオン・人気曲・作業用BGM【歌詞付き】,J-POP Playlistメドレー,6,0,0,2026-07-16T21:00:08Z,PT1H58M38S,rlexhbxtoqQ
作業用BGM 神曲,【50分耐久】[作業用BGM]源平合戦 - 平氏行軍モード[PC98],JOE's BGM,34,2,0,2026-07-16T09:00:15Z,PT50M21S,RE6OgZWtJok
作業用BGM 神曲,【YOASOBI曲 広告 なし】YOASOBI 神曲メドレー🎧 全曲ヒットソング集｜オリオン・人気曲・作業用BGM【歌詞付き】,J-POP Playlistメドレー,1,0,0,2026-07-15T21:00:02Z,PT1H58M38S,R_D0xJWyHGY
作業用BGM 神曲,【作業用BGM】映像＆画像で振り返る、ゲーム神曲メドレー18選【ブルアカまとめ編2/ゲームBGM/ブルーアーカイブ】,mist ch  ミスト,764,20,5,2026-06-28T11:00:49Z,PT38M,fs8fNDlQ5Xw
作業用BGM 神曲,【作業用BGM】鳥肌モノ🔥神曲だらけの重低音洋楽EDM MIX｜Goosebump Bass EDM,Mirai Music,1367,15,0,2026-06-25T22:00:12Z,PT6H8M20S,8qTVI8iN9n4
作業用BGM 神曲,【YOASOBI曲 広告 なし】YOASOBI 神曲メドレー🎧 全曲ヒットソング集｜オリオン・人気曲・作業用BGM【歌詞付き】,J-POPメドレーPlaylist,10,0,0,2026-07-15T21:00:22Z,PT1H24M31S,X1SYtaerDPI
作業用BGM 神曲,【心ほどける✨】澄み渡る声が心に刺さる神曲PlayList  ~Not a Number~【作業用BGM/勉強用BGM/モチベーションUP】,Tokyo HipHop Girl,3115,91,4,2026-07-15T12:00:01Z,PT1H11M43S,1eUx6BYg_mk
作業用BGM 神曲,【朝BGM】いつもの通勤が気分いい時間に変わる洋楽｜1曲目でテンションが一気に上がるPlaylist,Tokyo Happy Music,139,3,1,2026-07-15T11:00:11Z,PT1H3M48S,hAeyiF6szkE
作業用BGM 神曲,【50分耐久】[作業用BGM]源平合戦 - 野戦[PC98],JOE's BGM,33,1,0,2026-07-15T09:00:10Z,PT50M15S,p9PDDCC83Cs
作業用BGM 神曲,絶対に聴くべき名曲リスト｜勉強・作業用BGM 🇯🇵 🎧【米津玄師×Ado×Eve】感情を揺さぶる神曲集,癒しの響き,2493,9,0,2026-07-15T02:04:40Z,PT1H38M31S,sL-V58brMRo
作業用BGM 神曲,【YOASOBI曲 広告 なし】YOASOBI 神曲メドレー🎧 全曲ヒットソング集｜オリオン | 人気曲 | 作業用BGM【歌詞付き】,J-POP Playlistメドレー,0,0,0,2026-07-14T21:00:07Z,PT1H24M31S,SQQkgc4blfU
作業用BGM 神曲,【50分耐久】[作業用BGM]源平合戦 - 平氏統治モード[PC98],JOE's BGM,58,2,2,2026-07-14T11:10:52Z,PT37M41S,rfXBjj4iLKo
作業用BGM 神曲,【YOASOBI曲 広告 なし】YOASOBI 神曲メドレー🎧 全曲ヒットソング集｜オリオン・人気曲・作業用BGM【歌詞付き】,Tokyo Night Music,14,0,0,2026-07-13T21:00:10Z,PT1H58M38S,eAIGSH0xT9c
作業用BGM 神曲,【広告なし】YOASOBI人気曲メドレー2026🎧 神曲BEST50｜歌詞付き・作業用BGM・J-POPヒットソング | オリオン・人気曲・作業用BGM【歌詞付き】,J-POPメドレーPlaylist,31,0,0,2026-07-13T21:00:05Z,PT1H49M9S,b1OFEVXDopE
作業用BGM 神曲,【YOASOBI曲 広告 なし】YOASOBI 神曲メドレー🎧 全曲ヒットソング集｜オリオン・人気曲・作業用BGM【歌詞付き】,J-POP Playlistメドレー,9,0,0,2026-07-13T21:00:13Z,PT2H5M54S,MXN83Nhi550
作業用BGM 神曲,聴いた瞬間、保存したくなる神曲プレイリスト🎧,ジニラウンジ,18,4,0,2026-07-13T20:27:49Z,PT1M13S,DIIMcoAiV_s
作業用BGM 神曲,【50分耐久】[作業用BGM]偽典・女神転生 東京黙示録 - バトルヘビメタ[PC98],JOE's BGM,26,3,2,2026-07-13T09:00:29Z,PT52M7S,1dpLSTigctI
作業用BGM 神曲,【朝BGM】月曜の朝から一気にスイッチが入る洋楽｜1曲目から“いこう”って思えるハッピーPlaylist,Tokyo Happy Music,263,3,1,2026-07-12T11:00:40Z,PT55M1S,u-pZH5xq-gQ
作業用BGM 神曲,【作業用】カッコいい女性アニソン歌手の神曲メドレー【高音質】,私たちのアニメ,11,1,0,2026-07-12T09:00:30Z,PT1H20M1S,ydZO7wE21w8
作業用BGM 神曲,【50分耐久】[作業用BGM]偽典・女神転生 東京黙示録 - チャレンジ[PC98],JOE's BGM,46,1,2,2026-07-12T09:00:21Z,PT50M18S,rx0TiflGapg
作業用BGM 神曲,🌙おやすみ前のストーリー：【眠れる歴史】ダンテ神曲「地獄・煉獄・天国を巡る、人類史上最高の魂の旅」｜小さな深夜書房,かとう そら,3,0,0,2026-07-11T18:00:12Z,PT54M12S,ScyVEBLuWxY
作業用BGM 神曲,【50分耐久】[作業用BGM]偽典・女神転生 東京黙示録 - シェルターの日常[PC98],JOE's BGM,76,4,2,2026-07-11T09:00:04Z,PT50M8S,5KtMs83C3iQ
作業用BGM 神曲,【作業用BGM】人生を変えられた先生が選ぶ絶対外せない神曲10選【ブルーアーカイブ】,えふぃ先生,5281,261,47,2026-07-11T09:00:30Z,PT22M4S,bkCAqZMMd1I
作業用BGM 神曲,【広告 なし】YOASOBI 神曲メドレー🎧 全曲ヒットソング集｜オリオン・人気曲・作業用BGM【歌詞付き】,J-POP Playlistメドレー,23,0,0,2026-07-10T21:30:13Z,PT1H49M9S,C3H2x5imITE
作業用BGM 神曲,この神BGM、何点？#音楽 #インタビュー #fyp #bgm #神曲,るるあの避難所 - 眠れる音楽と雨の音 -,991,16,0,2026-07-10T09:22:36Z,PT23S,fAZhxQ1OzTQ
作業用BGM 神曲,【50分耐久】[作業用BGM]トップマネジメント2 - フリーモード[PC98],JOE's BGM,140,3,2,2026-07-10T09:00:09Z,PT50M14S,XOnASM7OK7I
作業用BGM 神曲,【作業用】異世界に転生した気分になれる壮大なファンタジーBGM【神曲ケルト】,Healing Fantasy,179,3,0,2026-07-10T06:00:05Z,PT1H52S,Vg9R7wOYPvM
作業用BGM 神曲,【神曲BGM】気づいたら作業モードに入ってる洋楽｜1曲目で空気が変わる曲,FAST LANE MUSIC,13,0,1,2026-07-09T21:00:31Z,PT1H11M34S,VJ80W6JLaHg
作業用BGM 神曲,【作業用BGM】朝からキメに行く最高の神曲！【フリーBGM】｜Coffee before a run,Festival Song Collection【STATICE】,8,1,1,2026-07-09T21:00:20Z,PT2M18S,3bImXKP4AqU
最終決戦 BGM,シンフォギア4 199ver.の最終決戦　　　BGMの変化,カイちゃんねる,5,0,0,2026-07-20T12:55:50Z,PT43S,HfXLNrIkQaw
最終決戦 BGM,【Japanese Samurai Battle BGM】chapter:9 Last Samurai Duel BGM | Final Japanese Sword Battle Music,mine,4,0,0,2026-07-20T10:00:37Z,PT13M32S,C0cFoTxMkgY
最終決戦 BGM,【フリーBGM】八岐大蛇討伐戦-第二形態のBGM | 大蛇討伐戦 - HELL MODE【かっこいい・ボスバトル・和風】,BGM Studio Noi,80,10,4,2026-07-20T09:00:02Z,PT3M49S,wCRj2Ku0ZIA
最終決戦 BGM,【フリーBGM】RPGとSLGの最終戦風ゲームミュージックVGM,AI音楽,7,0,0,2026-07-19T09:35:21Z,PT12M51S,eJLPrUIl-Vs
最終決戦 BGM,【デコキス# 53】真幼馴染、ガチの最終決戦で発ったら感情即崩壊ストーリー【FF16感動BGM】,感情回収実況 おせぶ,8,0,1,2026-07-18T16:49:16Z,PT31M53S,8iCvRTQkvQk
最終決戦 BGM,【フリーBGM】感情を殺すな｜ Don't Kill Your Emotions｜Emotional Dark Fantasy,Silent Mod - 壮大ラスボス戦BGM工房,199,0,0,2026-07-17T10:30:36Z,PT1M3S,Fw5lZPTB0R8
最終決戦 BGM,Cosmic War / Sci-Fi Space Battle BGM | 우주 전쟁 음악 Final,GameBGM_Lab ,3,2,0,2026-07-17T10:00:27Z,PT2M36S,hPo1zzESXSw
最終決戦 BGM,【リバリバ】最終決戦特訓兵器新世紀メガキーティーSPECIAL BGM,ネフェルトリBB,434,18,1,2026-07-17T08:39:42Z,PT3M15S,DhzMrbrfYD8
最終決戦 BGM,【フリーBGM】誰にも救えなかった、最後の希望。 #Shorts,Silent Mod - 壮大ラスボス戦BGM工房,311,2,0,2026-07-16T10:30:18Z,PT1M7S,f09thxh6_a8
最終決戦 BGM,Cosmic War / Sci-Fi Space Battle BGM | 우주 전쟁 음악 Final,GameBGM_Lab ,52,2,0,2026-07-16T10:00:35Z,PT54S,vwL64QA_5t0
最終決戦 BGM,【フリーBGM】堕ちた救世主との最終決戦 | Epic Final Boss Battle,Silent Mod - 壮大ラスボス戦BGM工房,18,1,0,2026-07-16T10:00:25Z,PT2M14S,5NqaL1L2gCI
最終決戦 BGM,【ゲームBGM風】最終決戦BGM〜天空の神殿〜30分｜霧ノ宮市 朝 9:02,MUGEN Music,0,0,0,2026-07-16T07:31:28Z,PT30M1S,ELK7JkKj-Vc
最終決戦 BGM,RPG好きは絶対ハマる曲🗡️ #Shorts,MUGEN Music,10,0,0,2026-07-16T07:30:57Z,PT46S,0CCC6MBBDHI
最終決戦 BGM,【フリーBGM】悪魔の実験│人体改造・マッドサイエンティストのラスボス戦闘曲【EDM/glitch/horror/ロック/ピアノ】,【フリーBGM】Two Chan【素材】,200,6,0,2026-07-16T03:00:09Z,PT3M3S,lmM2BdVMi3U
最終決戦 BGM,絶望の淵で、まだ戦う。Epic Dark Battle BGM | オーケストラ×ロック融合の決戦曲🗡️【RPG / Boss Battle BGM】,Nemu Music,40,2,0,2026-07-15T15:00:01Z,PT59M59S,BvLwfvAhxzo
最終決戦 BGM,【フリーBGM】心の声を消さない。｜DON'T SILENCE YOUR HEART｜Emotional Dark Fantasy,Silent Mod - 壮大ラスボス戦BGM工房,421,1,0,2026-07-15T10:30:29Z,PT1M20S,G0sxOswbOhQ
最終決戦 BGM,深夜の勉強タイムに🌃 #Shorts,MUGEN Music,0,0,0,2026-07-15T07:30:49Z,PT46S,_tpVH9PfT9M
最終決戦 BGM,【作業用BGM】Eurobeat × EDM｜女性ボーカルが剣山スーパー林道を駆け抜ける戦闘覚醒MIX｜月光の残響と継承の最終決戦,峠最速Eurobeat,257,3,1,2026-07-14T19:00:25Z,PT2H32M30S,7BuWioJ0tR8
最終決戦 BGM,【フリーBGM】足掻け。終われない。｜NOT YET | Epic Final Boss Battle,Silent Mod - 壮大ラスボス戦BGM工房,21,1,0,2026-07-14T10:00:40Z,PT2M40S,_uGSNQ04H8A
最終決戦 BGM,【フリーBGM】奪われた感情。｜Stolen Emotions | Emotional Dark Fantasy,Silent Mod - 壮大ラスボス戦BGM工房,222,0,0,2026-07-13T10:30:31Z,PT1M31S,jDLlfOUDUA4
最終決戦 BGM,【フリーBGM】終焉の女王に立ち向かう時のBGM | Queen of the Ruined Kingdom【かっこいい・戦闘・Rock】,BGM Studio Noi,352,13,4,2026-07-13T09:00:03Z,PT4M29S,3sA0jX3awGw
最終決戦 BGM,【フリーBGM】空を駆ける巨竜へ挑む時のBGM | Skybreaker【かっこいい・戦闘・Rock】,BGM Studio Noi,399,15,0,2026-07-12T09:00:11Z,PT4M15S,w27FTPxlYdc
最終決戦 BGM,【楽曲】戦闘BGM #suno #sunoai,Lfeh(ﾙﾌｪ),9,0,0,2026-07-12T07:15:35Z,PT3M35S,dbt7uP3RiJo
最終決戦 BGM,Final Showdown｜最終決戦【GEAR FIGHTER】shinsしん,shinsしん,0,0,0,2026-07-12T06:35:25Z,PT1M,Xx2I_6HeKL8
最終決戦 BGM,【フリーBGM】最終決戦をイメージしたボス戦BGM【決別の刻】,たださんだよ。さぶ,86,1,1,2026-06-23T15:09:40Z,PT6M26S,wzkKnFYuRdQ
最終決戦 BGM,【フリーBGM】何度負けても。挑み続ける。｜Final Boss Battle BGM,Silent Mod - 壮大ラスボス戦BGM工房,251,1,0,2026-07-11T10:30:27Z,PT1M13S,ChDVQ4ctJZ0
最終決戦 BGM,リズム天国 ミラクルスターズ　ビートスペル　全BGM集,ハテナ回廊,1956,27,14,2026-07-11T08:54:27Z,PT30M20S,j2v6YeACeaM
最終決戦 BGM,Cosmic War / Sci-Fi Space Battle BGM | 우주 전쟁 음악 Track 4,GameBGM_Lab ,21,1,0,2026-07-10T10:00:39Z,PT2M13S,Mktto99OMqc
最終決戦 BGM,【戦闘BGM】楽園の門を血で閉ざす智天使｜EBON CHERUBIM -黒翼の智天使-【フリーBGM・グリッチEDM×メタル・ゴシック聖歌・ダーク・かっこいい・作業用・ゲーム実況】,Rhymix Studio,241,13,2,2026-07-10T10:00:09Z,PT4M4S,JoS49_pVxaQ
最終決戦 BGM,【フリーBGM】白龍討滅戦のBGM | Moonlit Dragon Siege【かっこいい・戦闘・討滅戦】,BGM Studio Noi,323,14,3,2026-07-10T09:00:05Z,PT4M50S,QcEQxeloZsk
最終決戦 BGM,90年代ゲーム風BGM｜最終戦,こもれびスタジオ,54,2,0,2026-07-09T22:00:04Z,PT5M47S,VDyVeaafVC8
最終決戦 BGM,【ゲーム用BGM】主人公が覚醒する瞬間⚔️ 著作権フリー・商用利用無料 #Shorts,日本一フリーBGM【著作権フリー】,171,2,1,2026-07-09T12:00:35Z,PT31S,0_Yx7XvabI4
最終決戦 BGM,【フリーBGM 】絶望の先で。終われない。｜NOT YET ⚔️,Silent Mod - 壮大ラスボス戦BGM工房,172,1,0,2026-07-09T10:30:28Z,PT1M15S,TCW8dWFPiP4
最終決戦 BGM,Cosmic War / Sci-Fi Space Battle BGM | 우주 전쟁 음악 Track 4,GameBGM_Lab ,149,2,0,2026-07-09T10:00:34Z,PT54S,nVfyXidd5X0
最終決戦 BGM,【フリーBGM】絶望の先で。終われない。｜NOT YET | Epic Final Boss Battle,Silent Mod - 壮大ラスボス戦BGM工房,83,1,0,2026-07-09T10:00:23Z,PT3M9S,2t2bnpJtg1s
最終決戦 BGM,【スパロボOGMD】LIMITED OVER AI Vocal Arrange｜限界を超える最終決戦BGM,Catget,7416,154,10,2026-07-09T08:00:21Z,PT5M26S,VltgWQ-4Nvc
最終決戦 BGM,【著作権フリーBGM】覚醒・パワーアップ｜主人公が真の力に目覚める瞬間のゲーム用BGM【商用利用無料】,日本一フリーBGM【著作権フリー】,16,1,1,2026-07-08T12:00:15Z,PT3M3S,QB8E26cEl_I
最終決戦 BGM,【PSO2NGS】最凶の深化 「ソラス・クリプト」戦 フルメドレー【戦闘BGM】,TUKA P 新アカウント,6089,107,15,2026-07-08T08:17:31Z,PT10M28S,FzvMgz1RNxc
最終決戦 BGM,Super Saiyan 2 Gohan Toys With Semi-Perfect Cell..,The Dissociative Den,2512,41,1,2026-07-07T15:00:38Z,PT25S,PCcaWWz5Wec
最終決戦 BGM,【フリーBGM】最後の希望は。砕け散った。｜THE LAST HOPE SHATTERED,Silent Mod - 壮大ラスボス戦BGM工房,192,0,0,2026-07-07T10:30:34Z,PT1M12S,-SAAc5DhPgs
最終決戦 BGM,水晶廃都の最終決戦 - Crystal Ruins: The Last Stand【戦闘BGM / Epic Battle Music】,CRIMSON VALKYRIE ,240,5,0,2026-07-07T03:38:02Z,PT11M27S,7zXCq3CWsUM
最終決戦 BGM,【商用利用可BGM】幻想ファンタジー戦闘BGM素材集 Vol.1｜TRPG・ゲーム制作・配信用,青葉かなん MIRUSU Channel,20,0,0,2026-07-05T10:34:40Z,PT1M51S,HBbCgrTX_C4
最終決戦 BGM,【Gジェネエターナル】原作BGM付き 超迫力アニメーション 全74体 EX武装 戦闘演出集 概要欄要確認【 SDガンダム ジージェネエターナル】,ハロ少尉,26971,500,31,2026-07-05T07:00:08Z,PT1H12M26S,IYKtGBLQu_A
最終決戦 BGM,ドラゴンボールZ 超武闘伝 - アレンジBGM集 メドレー / Cover Arrange Soundtrack (SFC),ともーぬ,445,13,2,2026-07-04T13:21:31Z,PT36M26S,DCvQNvl5fUQ
最終決戦 BGM,【フリーBGM】最後の希望。｜ONE LAST HOPE,Silent Mod - 壮大ラスボス戦BGM工房,261,2,0,2026-07-04T10:30:20Z,PT1M6S,htD1pDt8ZkU
最終決戦 BGM,【存在しないRPG】ラスボス戦BGMを本気で作ってみた「黄昏ヨリ来タレ、終焉ノ神」,さっくのいろんな音楽,79,1,3,2026-07-04T09:37:04Z,PT2M49S,9aPvDk2c11s
最終決戦 BGM,【フリーBGM】最後の希望。｜ONE LAST HOPE | Epic Cinematic Fantasy｜ Epic Final Boss Battle,Silent Mod - 壮大ラスボス戦BGM工房,68,1,0,2026-07-04T08:23:38Z,PT2M54S,8emBJyaax3o
最終決戦 BGM,JRPG Adventure Music｜幻想世界を旅するファンタジーBGM,taiyaki_BGM,90,1,0,2026-07-04T08:00:06Z,PT48M8S,mSC3z-mB8zA
最終決戦 BGM,最終決戦【BGM】Final showdown,rumiaのBGM図書室,23,0,0,2026-07-04T07:22:21Z,PT43S,L9qURlPwZM0
最終決戦 BGM,Cosmic War / Sci-Fi Space Battle BGM | 우주 전쟁 음악 Track 3,GameBGM_Lab ,9,2,0,2026-07-03T10:00:23Z,PT2M55S,868mkhBOViI
ボス戦 BGM,スーパーボンバーマン2｜BGM集｜スーパーファミコン｜1994年,SEM GAME GALLERY,0,0,0,2026-07-21T09:00:08Z,PT11M9S,yW1GQ5V1HVU
ボス戦 BGM,口だけでマリオRPGのボス戦BGM再現 #beatbox #acapella,Daichi Beatboxer,455,14,3,2026-07-21T09:00:19Z,PT41S,mMivmF9ZJPc
ボス戦 BGM,【フリーBGM】ghost dance│ノリノリ幽霊の戦闘BGM【ジャズ/スウィング/ダーク】JAZZ/swing/dance music,【フリーBGM】Two Chan【素材】,3,0,0,2026-07-21T06:00:28Z,PT2M23S,DotsbkWeOyQ
ボス戦 BGM,【フリーBGM】狂ってる感じのボスと戦う時に流れてくるBGM『嫉妬狂笑 』【ボス戦・戦闘・狂気・ロック】,オルタナティブ田中,71,1,0,2026-07-20T17:07:15Z,PT2M43S,RBpwpaF05Sk
ボス戦 BGM,【ペーパーマリオスーパーシール】ボスパックン戦 bgm,怪盗パピヨン,26,0,0,2026-07-20T13:02:01Z,PT1M21S,OcGU_NlnvAM
ボス戦 BGM,【疾走感抜群】激闘シーンで盛り上がる戦闘曲｜Azure Gale【フリーBGM・かっこいい・EpicBattleMusic】,戦闘音楽工房 - Epic Battle Music,260,31,2,2026-07-20T09:00:11Z,PT3M31S,Xhl1--EFU2s
ボス戦 BGM,【フリーBGM】電子ゴミの道化師│ピエロ系ボスの戦闘曲【エレクトロニックスウィング/ダーク/おしゃれ/Battle】,【フリーBGM】Two Chan【素材】,65,3,4,2026-07-20T07:00:04Z,PT2M33S,XxzjhMe3C-g
ボス戦 BGM,【エンドフィールド 1.4 OST】「風凪」ボス戦カットシーン「BGM」字幕付き,HQM ACG Music,484,9,0,2026-07-20T05:43:23Z,PT2M11S,HeUb-s04duc
ボス戦 BGM,FF7リバース 通常戦闘曲メドレー｜エリア戦闘BGMまとめ【作業用BGM】,とっぴーのゲーム日記,31,8,3,2026-07-20T05:00:11Z,PT30M34S,hHb4Y7S8rRk
ボス戦 BGM,【フリーBGM】Final Palette - ゲーム戦闘曲 / ボス戦【No Copyright Music / Loop】,Roy / daN,22,2,0,2026-07-19T15:46:35Z,PT4M28S,fdPbxu8AUD0
ボス戦 BGM,Octopath Traveler 2 Battle OST Medley (New Version)  - オクトラ2 戦闘BGMメドレー（全30曲・シームレスミックス）,RaweiGaming,26,5,7,2026-07-19T08:00:25Z,PT30M51S,tEkqG4BgaTw
ボス戦 BGM,【ゲームBGM風】ボス戦BGM〜炎の神殿〜60分｜霧ノ宮市 朝 8:32,MUGEN Music,0,0,0,2026-07-19T07:32:16Z,PT1H1S,TyGv80JWAfE
ボス戦 BGM,テンション爆上がりゲーム音楽🔥 #Shorts,MUGEN Music,2,0,0,2026-07-19T07:30:55Z,PT46S,HFX4c4s5UKs
ボス戦 BGM,【高画質リメイク画像】ボス戦 DX BGM【星のカービィ２】より（修正版）,USDX格闘王への道TASチャンネル & エアライダー推しの子チャンネル DX,0,0,0,2026-07-19T05:43:00Z,PT26S,MdHwcUM82as
ボス戦 BGM,【フリーBGM】坑道の鬼蜘蛛・ホラーゲームの戦闘曲【8bit/horror/電子音/ピアノ】spider panic,【フリーBGM】Two Chan【素材】,41,0,0,2026-07-19T04:43:35Z,PT2M32S,GB07YBGxHak
ボス戦 BGM,ボス戦BGM ⚔️ ゲームが捗るエピック和風バトル #shorts #gamingmusic #ボス戦,Samurai Battle BGM【和楽器×ロック】,131,0,0,2026-07-19T03:00:34Z,PT41S,mU-lxIhTSTk
ボス戦 BGM,【フリーBGM】TRPG配信に使える変身するボスとの戦闘シーンBGM集｜商用利用可・作業用【1時間】,けろち,28,0,0,2026-07-18T23:00:10Z,PT54M58S,OZG6nXMhEl4
ボス戦 BGM,"俺屍ボス戦BGM「死闘」を、容赦なく増幅した 現代アレンジ【俺の屍を越えてゆけ】/ Oreshika — “Shitou” Boss Theme, Ferocity Amplified",レトロゲー名曲 × 現代アレンジ / God-Tier VGM Remixes,4,0,0,2026-07-18T23:00:29Z,PT2M34S,iX-CJj4jRQ8
ボス戦 BGM,【モンスト】破界の星墓BGM  オーケストラバージョン【道中・ボス】,Meta ;Anima,1877,44,0,2026-07-18T13:50:14Z,PT6M19S,bUInHu24YBY
ボス戦 BGM,【モンスト】星墓の管理者 BGM  オーケストラバージョン【道中・ボス】,Meta ;Anima,1576,25,2,2026-07-18T13:50:18Z,PT6M19S,lnOOm184SF0
ボス戦 BGM,【モンスト】星墓の観測者 BGM  オーケストラバージョン【道中・ボス】,Meta ;Anima,2523,64,5,2026-07-18T13:50:26Z,PT6M45S,gXLF2jhOlXY
ボス戦 BGM,【フリーBGM】怪物ではなく、守護者だった| NOT A MONSTERBUT A GUARDIAN| Epic Dark Fantasy OST,Silent Mod - 壮大ラスボス戦BGM工房,452,2,0,2026-07-18T10:30:31Z,PT1M6S,6HEnFbfFFtU
ボス戦 BGM,インゼムニア ボス戦 BGM #モンスト #ドラム #独学,りり,61,6,0,2026-07-18T10:02:22Z,PT41S,jFQiAPbJbIc
ボス戦 BGM,【フリーBGM】深海の神 - 深淵の守護者 - | Deep Sea God - Guardian of the Abyss  | Epic Dark Fantasy OST,Silent Mod - 壮大ラスボス戦BGM工房,5,0,1,2026-07-18T10:00:09Z,PT3M19S,RlMos9jt67M
ボス戦 BGM,【フリーBGM】Crimson Lord【シンフォニックゴシックメタル/吸血鬼ボス戦BGM】,【フリーBGM制作】rh_yme,13,0,0,2026-07-17T09:00:31Z,PT2M35S,YENR0TG1fhY
ボス戦 BGM,【崩壊スターレイル】万色帰空主、帰寂戦BGM〘Lord of Samvartasthayi Asat Pramad Boss Theme〙,ナラかずき(ت),21641,401,46,2026-07-16T01:09:40Z,PT20M4S,0EbRPdhsjOk
ボス戦 BGM,【スターレイル 4.4 OST】「帰寂」ボス戦全形態「BGM」Full Version,HQM ACG Music,9605,176,4,2026-07-15T19:29:52Z,PT20M12S,yBZNBuL6e90
ボス戦 BGM,【フリーBGM】闇森の捕食者【Trap Metal Phonk/獣型ボス戦BGM】,【フリーBGM制作】rh_yme,5,0,0,2026-07-18T09:00:38Z,PT2M10S,uM5A466dT6E
ボス戦 BGM,ちびまる子のボス戦BGM,カラクサラクガキランド,9,4,0,2026-07-18T09:00:38Z,PT4M11S,7h6k_tkz7ZI
ボス戦 BGM,ボス戦BGM作ってみた,夜月,515,2,0,2026-07-18T08:32:22Z,PT32S,waaEC8qhk88
ボス戦 BGM,【フリーBGM】激しい戦闘・ボス戦向けサイバーEDM「Blandford」 #Shorts #フリーBGM #EDM,Choose U,173,3,0,2026-07-18T07:49:08Z,PT11S,_Ckpp4XOGcA
ボス戦 BGM,【フリーBGM】激しい戦闘・ボス戦向けサイバーEDM「Blandford」/ BPM170,Choose U,27,0,0,2026-07-18T07:13:34Z,PT2M11S,Dc_v1QdzqiQ
ボス戦 BGM,【高音質】黎絶フォルギエ 〜怖畏ナル虚構〜 〜ボス戦  モンストBGM】 #モンスト#bgm #黎絶,KG GAMEz【モンスト】,361,4,0,2026-07-18T02:25:51Z,PT1M1S,naMe4NCItwc
ボス戦 BGM,RPG Battle BGM ⚔️ Epic Japanese Boss Fight Music #shorts #gamingmusic #bossbattle,Samurai Battle BGM【和楽器×ロック】,282,1,0,2026-07-18T01:00:18Z,PT41S,LNqPQExTmLg
ボス戦 BGM,グラディウスIII ボスBGM オーケストラアレンジメドレー｜GRADIUS III Boss Theme Arrange,ともーぬ,4217,81,6,2026-07-17T23:40:37Z,PT14M53S,G1hqsm8epeU
ボス戦 BGM,【Boss Battle BGM】Gothic Boss Prelude | 12 Tracks Loop Ready | Royalty Free Game Music Free Download,Vacuous BGM,5,0,0,2026-07-17T23:00:04Z,PT1H28M30S,Q8S52cHcAE4
ボス戦 BGM,FCがんばれゴエモン２ ボス戦BGM【宮舞モカ・重音テト・音街ウナ】#宮舞モカ #重音テト #音街ウナ #SynthesizerV #シンセV #ボカロ #ボイパロイド #VOCALOID,花猪口Pの動画倉庫,1312,17,0,2026-07-17T09:00:30Z,PT38S,i6PVW7lnmlE
ボス戦 BGM,【戦闘BGM】クールでビターなロックサウンド｜Endless Rain【フリーBGM】,戦闘音楽工房 - Epic Battle Music,398,15,0,2026-07-17T09:00:24Z,PT2M59S,S5Eso9f97E0
ボス戦 BGM,【エンドフィールド 1.4 OST】「アレイクレウス」ボス戦全形態「BGM」字幕付き,HQM ACG Music,8463,232,5,2026-07-17T06:32:54Z,PT9M21S,NS60Awkq7Bc
ボス戦 BGM,【フリーBGM】呪いの人形・ホラーゲームの戦闘曲【san値/horror/8bit】Cursed Doll,【フリーBGM】Two Chan【素材】,23,2,0,2026-07-17T03:52:54Z,PT1M54S,01BEBlBQB20
ボス戦 BGM,【作業用BGM】異世界転生文庫 JRPG Jazz & Rock Collection Vol.1【60分】,異世界文庫,0,0,0,2026-07-17T02:30:26Z,PT1H2M40S,6GXAZ_g4W90
ボス戦 BGM,【崩壊スターレイル】雷龍戦BGM『妖都での狂宴』〘Demonhold's Revelry〙,ナラかずき(ت),945,36,5,2026-07-16T19:50:37Z,PT7M53S,zckeXBeFhOk
ボス戦 BGM,ビートスペル リズム天国 ラスボス bgm ゆゆうた ナーラ 解放 条件  実況 rta 攻略 星5 難しい 隠し ボス戦 ユウ 裏 失敗 アイテム ゆゆうた 配信 5章 ニードル 曲 エクソス,ボッチアーニの魂【任天堂ファンは登録よろしく‼️】,158,1,1,2026-07-16T19:07:24Z,PT3S,TLUBsD0FuMA
ボス戦 BGM,【パワプロ2026】新桃太郎伝説 中ボス戦BGM 行く手をはばむ鬼【応援歌】,ハリイチの挑戦,24,2,0,2026-07-16T14:00:58Z,PT55S,2029sIvYpdA
ボス戦 BGM,【崩壊スターレイル ver4.4】 ボス戦BGM,える,674,15,0,2026-07-16T13:42:31Z,PT19M38S,nj_haJY6A_c
ボス戦 BGM,Alleikhreos Boss Theme Song - Arknights Endfield OST (Full Version),JujuTsuki,29505,799,43,2026-07-16T13:24:09Z,PT11M48S,0wDpfwDzAGM
ボス戦 BGM,【#崩壊スターレイル 】Ver.4.4開拓クエスト「汽笛は轟く、帰寂のさなかに」後編をプレイ,麻酔 Masui,61901,931,33,2026-07-16T10:56:56Z,PT2H40M56S,_Ixjvl8KF5g
ボス戦 BGM,Cosmic War / Sci-Fi Space Battle BGM | 우주 전쟁 음악 Final,GameBGM_Lab ,52,2,0,2026-07-16T10:00:35Z,PT54S,vwL64QA_5t0
ボス戦 BGM,【フリーBGM】堕ちた救世主との最終決戦 | Epic Final Boss Battle,Silent Mod - 壮大ラスボス戦BGM工房,18,1,0,2026-07-16T10:00:25Z,PT2M14S,5NqaL1L2gCI
ボス戦 BGM,Homecoming Final Boss Alleikhreos | Arknights: Endfield 向淵行 アレイクレウス戦,RiverV Workshop,18644,435,78,2026-07-16T09:34:02Z,PT10M1S,hZuiwa_haPw
決戦 BGM 作業用,【8bit RPG】魔王城の決戦｜レトロゲーム風 ボスバトルBGM【作業用・ゲーム音楽】,MUSIC_KOBO,164,2,0,2026-07-16T03:00:31Z,PT55M59S,w-HVZWCYE90
決戦 BGM 作業用,【作業用・耐久】夜鷹 - 米津玄師 -　映画『キングダム 魂の決戦』主題歌　Extended 1 Hour,ろっどまん,2279,35,1,2026-07-13T08:42:14Z,PT1H2M19S,dmpHotRQI5Y
決戦 BGM 作業用,【作業用BGM】空中戦ボスバトル ～電脳決戦～ 30分,つかさの音楽ミュージアム,52,0,0,2026-07-06T02:00:03Z,PT30M7S,yA52HAj323c
決戦 BGM 作業用,【ポケモン風BGM】天才のジム戦：作業用・勉強用・ゲーム作業用,ポケモン風BGM,170,7,0,2026-07-02T21:00:05Z,PT1H5M50S,MyzX6U-p68o
決戦 BGM 作業用,【ポケモン風BGM】バトル音楽｜作業用・勉強用・ゲーム作業用,ポケモン風BGM,153,2,0,2026-06-30T21:00:32Z,PT53M19S,gvLaY4diljM
決戦 BGM 作業用,最後の女武士・巴御前の決戦 | 侍音楽 · エピック和風シネマティック | 作業&集中用 2時間,Yamato Nocturne,57,3,3,2026-06-30T05:00:07Z,PT2H5M18S,LnmRoJ9vtj8
決戦 BGM 作業用,【ポケモン風BGM】ジム戦BGM ｜作業用・勉強用・ゲーム作業用,ポケモン風BGM,751,18,1,2026-06-27T21:00:14Z,PT1H11M27S,fKYupKf6f9M
決戦 BGM 作業用,【ポケモン風BGM】集中力が上がるバトル音楽｜作業用・勉強用・ゲーム作業用,ポケモン風BGM,51,2,0,2026-06-25T21:00:28Z,PT50M6S,V6gap9RIyoE
epic orchestral battle,Invincible Storm ⚡ Epic Orchestral Trap | Cinematic Cyberpunk Battle,𝐄𝐏𝐈𝐊 𝐓𝐑𝐀𝐏,2,0,0,2026-07-21T04:00:16Z,PT3M44S,LqqKPHN89Sc
epic orchestral battle,One Against Thousands ⚔️ Epic Heroic Orchestral Music | Cinematic Battle Theme,DriftVale,14,0,0,2026-07-21T01:41:18Z,PT13M37S,xzwR-MS9tQQ
epic orchestral battle,"[Epic Battle Music 1H] Kagura × Ayame - Samurai Japanese Orchestral BGM for Gaming, Work & D&D",Epic Attacker,81,0,2,2026-07-21T01:00:23Z,PT59M28S,Iy4BRqAgKv8
epic orchestral battle,Epic Soldier Of God | Orchestral Battle for Your Spirit | Sacred Gregorian Templar Chant,Sacred Iron Choirs,11,3,0,2026-07-21T00:16:28Z,PT30M16S,ybNNcBrXpNI
epic orchestral battle,Chosen for Valhalla ⚔️ | Epic Viking Warrior Music (Battle Anthem),Valkyrie Anthem,0,0,0,2026-07-20T23:00:32Z,PT42M6S,JiREdtHdjxc
epic orchestral battle,Knights Templar Hymn | Epic Medieval Orchestral Battle Music & Gregorian Chants,Epic Templar Battle Music,39,2,0,2026-07-20T21:42:57Z,PT9H25M30S,4AF3XS44Hy0
epic orchestral battle,Frieren - Frieren vs Frieren Battle OST [EPIC ORCHESTRAL VERSION],HoriZon Melody ,106,2,0,2026-07-20T20:05:19Z,PT3M32S,00grCY3o5FA
epic orchestral battle,Bloodborn Void ⚔️ Epic Orchestral Trap | Cinematic Battle Music,𝐄𝐏𝐈𝐊 𝐓𝐑𝐀𝐏,24,0,0,2026-07-20T20:00:18Z,PT3M33S,_fctIXJvgdg
epic orchestral battle,The Peak — The View Is Worth Every Tear [Epic Orchestral Rock],Elyrity,17,2,0,2026-07-20T16:30:07Z,PT25S,jhkzd3AU0nM
epic orchestral battle,1 Hour of Epic Synth Metal — Electronic Orchestral Battle Music (Instrumental),piss water music,13,0,0,2026-07-20T16:20:27Z,PT58M46S,5oUb-t81vhI
epic orchestral battle,TEMPEST ARMADA | Epic Baroque Naval Battle | Monumental Orchestral Music,MILadyTube,7,3,2,2026-07-20T14:56:17Z,PT2M45S,HzbSMe9kEX0
epic orchestral battle,IRON SHADOW RONIN | Epic Heroic Japanese Orchestral Music | Powerful Dark Samurai Battle Score,TotalMix Music,16,3,0,2026-07-20T14:00:20Z,PT3M16S,NeeWFeMKXkA
epic orchestral battle,Battle Cry of the Highlands | Epic Scottish Bagpipes & Drums | Warriors of the Highlands,Thistle Legion,41,1,0,2026-07-20T13:00:19Z,PT1H6M55S,p1l47AwYotA
epic orchestral battle,Unbroken Warcry - Epic Orchestral Metal Battle Anthem for Warriors Who Never Surrender,Wave Echoes,258,31,12,2026-07-20T13:00:20Z,PT5M5S,ruD-OA-vxTs
epic orchestral battle,【作業用BGM】Epic Background Music 戦闘BGM/Hybrid Orchestral Battle　Rock『Voltaris』,Soothing sound Mikan,584,47,3,2026-07-20T12:20:27Z,PT1H2M3S,N1FKPVHk6i0
epic orchestral battle,EPIC ORCHESTRAL TRAILER MUSIC - Rise of the Fallen Warrior | Powerful Cinematic Battle Music,Epic Cinematic Instrumental,1,0,0,2026-07-20T12:00:29Z,PT3M26S,sQRXfDmey6s
epic orchestral battle,Blazing Lunar Grave ⚔️ Epic Orchestral Trap | Cinematic Battle Music,𝐄𝐏𝐈𝐊 𝐓𝐑𝐀𝐏,53,3,0,2026-07-20T12:00:15Z,PT2M22S,_yuJuXABPIA
epic orchestral battle,The Bell Strikes | Skaldenherz ⚔️ Epic Viking Music | Valhalla Battle Music,Skaldenherz,1715,38,2,2026-07-20T11:56:02Z,PT14S,HtNvSvNYOMI
epic orchestral battle,Winter Epic Music | Frozen Ancient Hall Battle | Powerful Orchestral Soundtrack,Immortal Warrior Soul,46,3,0,2026-07-20T11:41:26Z,PT1H34S,vsMygxKYlJM
epic orchestral battle,Lumistaria - When the Mountain Bleeds • Epic Viking Battle Music,Lumistaria,107,3,0,2026-07-20T11:41:36Z,PT4M54S,RD8tnemhFso
epic orchestral battle,Unbroken Warcry - Epic Orchestral Metal Battle Anthem for Warriors Who Never Surrender,Wave Echoes,215,13,2,2026-07-20T10:45:21Z,PT30S,rxFNi1Q7Bq4
epic orchestral battle,⚔️ Final Fantasy VIII REMAKE Tribute | Don't Be Afraid (Epic Orchestral Remix),Project Re:Phantasia,138,5,3,2026-07-20T10:07:52Z,PT3M20S,2mW9MN8Z5NI
epic orchestral battle,Powerful Epic Music Mix - Intense Orchestral Battle Scores for Legendary Warriors and Heroes,Heroic Epic Vibes,159,1,0,2026-07-20T10:03:05Z,PT2H13M56S,3tHtwXwaMe4
epic orchestral battle,60 Minute Epic Gym Workout Music for Beast Mode Training,Epic Orchestral Workout,14,0,1,2026-07-20T10:00:25Z,PT1H15S,5-CAzCJMr_A
epic orchestral battle,Mythos Sound - Legacy of the Crown of Blood (Epic Orchestral Battle),Mythos Sound,142,4,0,2026-07-19T18:02:34Z,PT2M41S,GGqzNKaamLM
epic orchestral battle,【フリーBGM】絶望の戦場 - Epic Orchestral Battle Music,Black Iris Rin,107,2,0,2026-07-19T00:26:23Z,PT3M8S,0rvjxdtiCys
epic orchestral battle,Hybrid War Cinematic - Crimson Resolve | Epic Orchestral Battle Music (No Copyright),FreeVox Epic Cinematic,39,0,0,2026-07-17T18:00:25Z,PT2M41S,-Ah3yvW75ZE
epic orchestral battle,AKUMA VS RAIJIN 1/2 - Flipaclip Animation | Epic Stickman Fight,MacZ Animation,626,76,13,2026-07-20T09:53:40Z,PT4M29S,qtXXOFy7P0A
epic orchestral battle,Hanuman and the Ocean Pearl | An Epic Underwater Battle for the Monkey Village,Devine_Saiyan005,4,2,1,2026-07-20T09:44:56Z,PT11S,hlYsjnBE3es
epic orchestral battle,Iron And Ash - Epic Battle Boss Music,Indestubile music,0,0,0,2026-07-20T08:00:06Z,PT2M25S,D6qDFjht-Ss
epic orchestral battle,White Walkers Are Back – Dark Epic Orchestral Music (Choir & Vocal Battle) | Apex Orchestral,Apex Orchestral,1,0,0,2026-07-20T04:36:14Z,PT3M44S,9T15l1_qmPI
epic orchestral battle,Phantom Nexus ☠️ Epic Orchestral Trap | Dark Battle Phonk Music,𝐄𝐏𝐈𝐊 𝐓𝐑𝐀𝐏,260,2,0,2026-07-20T04:00:26Z,PT2M45S,YDEIboddEg4
epic orchestral battle,HE FIRE ⚔️ | Epic Orchestral Music,Shadow Symphony,20,0,0,2026-07-20T02:45:16Z,PT1H24M32S,wQGOqUvaGEM
epic orchestral battle,"The First Battle, The First Defeat | Lone Anthem Epic Emotional Orchestral Music",Lone Anthem,6,1,0,2026-07-20T01:40:40Z,PT2H7M21S,wqWscA0xcjE
epic orchestral battle,Epic Medieval Fantasy Orchestra | Battle of the Fallen Kingdom | 1 Hour RPG Music,Fantasy Orchestra,39,1,0,2026-07-20T01:30:27Z,PT1H4M23S,L9jQaQxoxBs
epic orchestral battle,Forges Under the Mountain | Epic Battle Music & Cinematic Fantasy Orchestral,Wavelength Worlds,1,0,0,2026-07-20T01:00:11Z,PT4M4S,Knsed080N8Y
epic orchestral battle,"[Epic Battle Music 1H] Aldina the Dark Sorceress - Dark Orchestral BGM for Gaming, Work & D&D",Epic Attacker,54,2,0,2026-07-20T01:00:01Z,PT1H7M22S,2x8o-qbqDFs
epic orchestral battle,Aura of the Deep Jungle | Powerful Epic Orchestral Music Mix,Epic Melodies Moments,2,0,0,2026-07-20T00:00:26Z,PT4M8S,DNMtxbPgHWU
epic orchestral battle,Our Names Written in the Stars - Epic Orchestral Anthem,NovaAura,36,7,1,2026-07-19T23:00:00Z,PT1M15S,EM3ynNF07co
epic orchestral battle,Epic Orchestral Battle Music | Life of Land,Kingdom World Orchestra,1,0,0,2026-07-19T22:56:38Z,PT2M43S,JXxZJ_RUL-A
epic orchestral battle,Orchestral Battle for Your Spirit | Honor Him The King ⚔️🎶 | Epic Templar Chant (Deus Vult),Sacred Iron Choirs,6,0,0,2026-07-19T21:41:40Z,PT30M10S,-nsNb-0SqKs
epic orchestral battle,Epic Orchestral Battle Music | Land Of Giants,Kingdom World Orchestra,2,0,0,2026-07-19T21:22:12Z,PT2M49S,3r6rj7e3v98
epic orchestral battle,Eclipseveil Wrath ⚔️ Epic Orchestral Trap | Cinematic Battle Music,𝐄𝐏𝐈𝐊 𝐓𝐑𝐀𝐏,234,5,0,2026-07-19T20:00:38Z,PT2M22S,b75VnBWzUTo
epic orchestral battle,"#DreamTrackAI Intense military action music, epic orchestral war soundtrack with heavy drums and",MotorCraft Studio,755,19,0,2026-07-19T19:15:51Z,PT18S,C6DFPRZ2AZ4
epic orchestral battle,BLEACH - 1130 TYBW Full Orchestra Choir (Epic Metal Version),Anime Battle Music,534,22,9,2026-07-19T19:00:15Z,PT2M54S,y_2JGVtt6xs
epic orchestral battle,THE ULTIMATE VIKING PLAYLIST ⚔️ Epic Music for Battle & Glory,SKALDHEM,53,4,0,2026-07-19T18:00:39Z,PT1H30M16S,46H_3Ab6-pM
epic orchestral battle,Stone Remembers | Skaldenherz ⚔️ Epic Viking Music | Valhalla Battle Music #VikingMusic #NordicMusic,Skaldenherz,6,2,0,2026-07-19T16:50:52Z,PT3M4S,Gw78Zv3DFwY
epic orchestral battle,THE FINAL BREACH ⚔️ Epic Cinematic Orchestral Music | Dark Fantasy Battle Theme,DriftVale,48,0,0,2026-07-19T16:14:34Z,PT11M36S,3bpp5xPAVmw
epic orchestral battle,PERUN (Перун) — Slavic War Symphonic Suite (Epic Cinematic Ethno Battle Anthem),Petra Bourgov,4,0,0,2026-07-19T14:00:25Z,PT3M8S,WkdVU1BE-lI
epic orchestral battle,Military Formation Battle Sequence | Epic Continental March,Birth of a Nation Music,169,6,3,2026-07-19T14:00:23Z,PT3M57S,1lKUST_4NYY
epic cinematic music,Albatrossa - Inside The Wind  | ALBATROSSA - Epic Melodic Cinematic Rock Music 🎸🔥🎬 #Shorts,ALBATROSSA COLOSSEUM Ⓢ,11,0,0,2026-07-21T08:00:29Z,PT31S,HdXgA5DiZE8
epic cinematic music,Shadow's Dark Evolution 🌑 | Epic Cinematic Edit#Viral #Shorts#Trending #4K #FYP #Cinematic,world movie music,0,0,0,2026-07-21T06:59:53Z,PT13S,8jUhcusGmaQ
epic cinematic music,RISE AGAIN – The Ultimate Motivational Anthem | Epic Cinematic Music | Aelisco Music,Aelisco Music,1,0,1,2026-07-21T06:59:54Z,PT4M52S,71W8sxFG0M4
epic cinematic music,RAAKA (రాకా) Telugu Theme Song 🔥 | Hero Elevation Anthem | Epic Cinematic Music | Alex Music Hub,Alex Music Hub,109,2,0,2026-07-21T06:39:20Z,PT3M32S,9BpN0AAlrfE
epic cinematic music,The Amazing Spider-Man | Epic Cinematic Edit 🎬,"ᴍʀ_ᴍᴜᴋᴋᴜ, ",8,0,0,2026-07-21T06:30:45Z,PT13S,cya68jf9yCU
epic cinematic music,Echoes of the Sacred Peak | Epic Cinematic Background Music | Powerful Orchestral BGM,Win Record,21,2,0,2026-07-21T06:27:35Z,PT2M50S,Zfzr_4WbqUc
epic cinematic music,🚩 जय हनुमान | अतुल वीर हनुमान | Epic bhakti Music 🔥 #Shorts,Gyan Basundi,874,89,0,2026-07-21T06:03:19Z,PT30S,C7qomri7eUw
epic cinematic music,The Last Symphony of Earth | Emotional Epic Cinematic Orchestral Music,7S KING,8,1,1,2026-07-21T05:39:09Z,PT2M24S,LtEDCaL6tNU
epic cinematic music,Final Horizon | Epic Cinematic Trailer Music for Content Creators,TopAudio - Music for Content Creators,44,1,1,2026-07-21T04:47:09Z,PT1M4S,L7d-bcwT7dQ
epic cinematic music,🔥 AWAKEN THE LEGEND | 16 Minutes of Epic Cinematic Music ⚔️,OsvalSound,51,2,0,2026-07-21T04:35:15Z,PT16M20S,78z0PqOmGjk
epic cinematic music,Rise Again | Progressive House 2026 🔥 | Epic Cinematic EDM Festival Music | Music Studio Original,music studio original ,27,1,0,2026-07-21T04:27:57Z,PT3M32S,KqsjGvqm1_s
epic cinematic music,🇮🇳 India | Epic Cinematic Music #shorts  #orchestralmusic  #epicorchestral  #instrumental,StoryWave Music,2,0,0,2026-07-21T03:45:10Z,PT53S,iw7Y18ZhhEI
epic cinematic music,Beyond the Last Horizon | Epic Cinematic Pop Anthem | Original Inspirational Song,Lumen Vale Music,3,0,0,2026-07-21T03:40:19Z,PT50S,MeQCSMBj6jw
epic cinematic music,ARMAGEDDON | THE PROLOGUE | Epic Cinematic Orchestral Music,ROARING BOY SOUND,18,2,1,2026-07-21T03:35:31Z,PT39S,ci13ihgeMRg
epic cinematic music,Dark cinematic music — epic grandeur #jazz #relaxnightjazz #remix #music #beatstostudy #deepfusic,Moody Metro Vibes,15,0,0,2026-07-21T03:32:10Z,PT16S,yJc5GH11iio
epic cinematic music,Zeus's Law | Epic Cinematic Music | Odyssey Soundtracks,Odyssey Soundtracks,2,0,0,2026-07-21T01:24:28Z,PT4M35S,2Fdb90qdy7A
epic cinematic music,🚩 Hanuman Ji Divine Power 🔥 | Jai Shri Ram | Epic Cinematic AI Video | #Shorts#shortfeed,Bhakti song and story,1412,62,1,2026-07-21T00:22:17Z,PT23S,1i1uzlAKMyA
epic cinematic music,What If Adele's Biggest Ballad Became Epic Rock? 🎸 | This Chorus Gives Me Chills #Shorts #adele,@TimelessReborn,1205,37,1,2026-07-21T00:00:37Z,PT45S,c0zKdCqxP6g
epic cinematic music,VALHALLA CALL ⚔️🔥 Epic Viking War Anthem #viking #valhalla #norse #epicmusic #shorts #viral #song,Limit No Music,19,11,4,2026-07-20T22:46:18Z,PT39S,NM6UB-lhRS8
epic cinematic music,Epic Cinematic Background Music Vol. 8 [No Copyright - Royalty Free] Requiem of Titans,Zylo – Music for Creators,44,0,0,2026-07-20T22:00:19Z,PT2M3S,xNoDM1qrles
epic cinematic music,Epic Cinematic Background Music Vol. 8 [No Copyright - Royalty Free] Requiem of Titans,Zylo – Music for Creators,39,0,0,2026-07-20T22:00:08Z,PT28S,VgKrBx1nFl4
epic cinematic music,Motorcycle Background Music | Epic Cinematic Rock for Road Trip Videos,BuLoVi Lorosa'e,17,0,0,2026-07-20T21:57:50Z,PT4M29S,q5OqtR9kS6s
epic cinematic music,⚡ EPIC VIKING MUSIC | THUNDERFANG #vikingmusic #nordicmusic #epicmusic #berserker,ThunderFang,769,29,0,2026-07-20T21:00:15Z,PT46S,bvggtyFeNKU
epic cinematic music,Avengers Multiverse Anthem - Doomsday Spcl ! #anthem #music #shorts #song #avengers #viral #trend,Limit No Music,37,18,1,2026-07-20T20:11:49Z,PT57S,qvLLpSc6EPM
epic cinematic music,Majestic Naval War ~ Epic Cinematic Music ~ Powerful Trailer Soundtracks for Dark Heroes,Heroic Epic Vibes,368,8,1,2026-07-18T10:03:18Z,PT2H7M54S,7E1nWz7Wyy8
epic cinematic music,The Orchestra Vault : Unstoppable [Epic Cinematic Orchestral] • Official Music Video,The Orchestral Vault,126,3,2,2026-07-17T13:00:10Z,PT8M41S,QKMFx90wwuI
epic cinematic music,Epic Cinematic Trailer Music | Powerful Background Music for Videos,Background Music For Videos,114,3,1,2026-07-14T14:18:57Z,PT2M25S,RWLGIUt9Ttw
epic cinematic music,Epic Cinematic Music – “Moonlit Piano Bloom” |Piano,Epic Audio,3,1,0,2026-07-20T20:00:19Z,PT2M45S,Lx4W8FOnejE
epic cinematic music,Thor — Hammer of Storms | Epic Cinematic Music Inspired by Norse Mythology,Voices Beyond Legends,0,0,0,2026-07-20T20:00:24Z,PT4M44S,0LmLEZVBqGs
epic cinematic music,The Cold Wind Calls | Epic Norse Cinematic Song | Viking Music,Aria Cruse,497,24,1,2026-07-20T20:00:09Z,PT33S,lQL1rd5r_qQ
epic cinematic music,Echoes of the Void | Epic Cinematic Space Music | Emotional Orchestral Soundtrack | 4K,Cinematic_Music,0,0,0,2026-07-20T19:39:59Z,PT3M28S,r74T5ZbrRMs
epic cinematic music,"#DreamTrackAI Epic cinematic ancient temple music with tribal drums, bamboo flutes, deep",Miss Juniper Lore,3,0,0,2026-07-20T18:36:31Z,PT41S,rYffDrGgihw
epic cinematic music,Stone Bridge II | Relaxing Epic Cinematic Music | Epic Journeys,Burhinyo Studios,2,0,0,2026-07-20T17:30:37Z,PT11M38S,2QTIUVBAvq4
epic cinematic music,💰 EZ EZ | Powerful Success & Motivational Music | Epic Cinematic Instrumental,MN FORGE,1,1,0,2026-07-20T17:00:38Z,PT2M13S,PVEtmcA8rqI
epic cinematic music,Across the Black Expanse | Epic Cinematic Space Music | Echoes Beyond the Stars,DAM Good Music | Dragan Drazic,80,3,1,2026-07-20T16:53:28Z,PT5M57S,LjqIgBGfGGM
epic cinematic music,Epic Cosmic Cinematic Music for Gaming Focus and Creativity,Elysian Realms,13,0,0,2026-07-20T16:45:36Z,PT19S,4x-NTCUljPo
epic cinematic music,🇮🇳 India | Epic Cinematic Orchestral Music | The Spirit of India,StoryWave Music,19,1,0,2026-07-20T16:45:13Z,PT3M35S,4nkHeKIz23s
epic cinematic music,Epic Cinematic Orchestral Music Crafted to Awaken your Courage and fuel your Determination., 🌟 Music 🌟,5,3,0,2026-07-20T16:28:53Z,PT1H17M57S,2P31G1-7Z1Q
epic cinematic music,King Without The Crown | Heroic Cinematic Music For Workout & Inspiration,Kamu Jadi Tau,0,0,0,2026-07-20T16:13:34Z,PT3M,UxNJPExd-JQ
epic cinematic music,Tears of a Violin – Kamila Malik | Epic Cinematic Rock & Violin Power Ballad #rockballads ,Kamila Malik,39,2,0,2026-07-20T16:00:06Z,PT3M32S,SMyJ0g-yD74
epic cinematic music,Momento  - orchestral - epic cinematic- by: jill evans ,Jill Evans,42,6,0,2026-07-20T15:00:06Z,PT3M1S,VsDigFM19UA
epic cinematic music,The Battle of Fulford - Epic Viking Music | Nordic Folk Anthem [Asgardian Vibes],Asgardian Vibes,22,0,0,2026-07-20T15:00:37Z,PT46S,AS-Yv2Olfq4
epic cinematic music,Clockwork Veins! - Hard Rock (Female Vocal Music) | Official Music Video | Epic Cinematic,TenshiNoRock,154,23,7,2026-07-20T15:00:11Z,PT2M53S,sn9SpEfaMrc
epic cinematic music,Above The Crumbling Peaks ⛰️ | Epic Cinematic Adventure Music 🎼 #epicmusic #cinematic  #aimusic,THE_WORLD,3,0,0,2026-07-20T14:58:53Z,PT2M31S,bzK5jo_orIk
epic cinematic music,The Curve Of Dawn 🌅 | Epic Cinematic Music #shorts #viral #music #fyp #newsong #aimusic,THE_WORLD,1,0,0,2026-07-20T14:48:32Z,PT2M31S,NzWJXZ6bs1s
epic cinematic music,M  - Challenge to Eternity  | Epic Angel Battle Music | Female Vocalise | Cinematic Soundtrack,Lunara AI Music,15,2,1,2026-07-20T14:38:56Z,PT2M24S,v-sAU7nuelM
epic cinematic music,Where Air Turns Thin 🌬️🏔️ | Epic Cinematic Music #shorts #viral #music #fyp #newsong #aimusic,THE_WORLD,8,0,0,2026-07-20T14:37:23Z,PT3M,0pLJnqagtXo
epic cinematic music,Beyond The Heavy Clay 🌍✨ | Epic Cinematic Music #shorts #music  #viral #fyp #newsong #aimusic,THE_WORLD,0,0,0,2026-07-20T14:27:50Z,PT3M1S,9pMGu_565tE
epic cinematic music,Breath of Shaolin | Epic Cinematic Music, Zlata Navickaya ,14,0,0,2026-07-20T14:28:29Z,PT2M40S,3gWO0lsM2QE
epic cinematic music,🌅 The Pale Horizon | Epic Cinematic Orchestral Music ⚡🎼 #EpicMusic #CinematicMusic #shorts #music,THE_WORLD,2,0,0,2026-07-20T14:00:00Z,PT2M58S,yrhnFPg8eic
epic cinematic music,PULSE 2026 | THE FUTURE BEGINS | EPIC CINEMATIC MUSIC#short,Norbert Habib,1,0,0,2026-07-20T14:00:39Z,PT1M1S,7L5M00SF8kI
epic cinematic music,"🎵 Rise Again — an epic cinematic song about hope, strength, and never giving up.",Calm Folk Music,14,3,2,2026-07-20T13:55:27Z,PT1M1S,Zs7Q167O9UI
epic cinematic music,VISHWAROOPAM – The Face of Eternity | Bhagavad Gita's Greatest Revelation | Epic Cinematic Music,Aura8ix,60,12,13,2026-07-20T13:25:18Z,PT3M42S,P1FcxqUhJHs
epic cinematic music,Winter Drive  - Epic Cinematic Music for Film & Video | Audioknap,AudioknapMusic,122,13,2,2026-07-20T13:00:06Z,PT2M46S,5LD2w1HMH-s
epic cinematic music,The Last Horizon | Most EPIC Cinematic Orchestral Music | Powerful Instrumental for Motivation,Zura Music,11,0,0,2026-07-20T13:00:05Z,PT7M16S,sMXrLURIGO4
epic cinematic music,EMIN feat. JONY – Камин (Kamin) | Dark Gothic Orchestra Cover | Epic Cinematic Version,Lunamousic,2,0,1,2026-07-20T12:23:53Z,PT4M49S,zoqPLh1ouXQ
epic cinematic music,PULSE 2026 | THE FUTURE BEGINS | EPIC CINEMATIC MUSIC@norberthabib5300 ,Norbert Habib,1,1,0,2026-07-20T12:00:29Z,PT26M39S,xN3Aq9IUTLU
epic cinematic music,Hybrid War Cinematic Music - Iron Dominion | No Copyright  #cinematicmusic #warmusic #epicsoundtrack,FreeVox Epic Cinematic,3,0,0,2026-07-20T11:00:30Z,PT1M,rcd4gnCoSyA
epic cinematic music,Epic Cinematic Medieval Music | A World Reborn | Heroic Fantasy Orchestra,ABQ Audio,5,1,0,2026-07-20T11:00:36Z,PT2M50S,b7Ci74jGV-E
epic cinematic music,"Epic Space Ambient Music 🌌 | Relaxing Cinematic Music for Focus, Sleep & Meditation",Aurora Relax Melody,192,7,0,2026-07-20T10:52:51Z,PT1M1S,v47sqx-QW0M
epic cinematic music,An Epic Roar of BMW Bagger,Creative Phenom,1062,20,0,2026-07-20T10:39:32Z,PT39S,rCBQyyvYjLw
epic cinematic music,▶️ The Underwater Hotel | Epic Cinematic Music,포레스트 바이브 뮤직 | Forest Vibe Music,472,0,2,2026-07-20T09:30:58Z,PT25S,sGdJNZGI7Vs
epic cinematic music,Sia & Coldplay - Higher Than Fear (Epic Cinematic Pop Anthem) | Music Lyric Video 2026,Zion's pathos AI,6,1,0,2026-07-20T09:15:18Z,PT3M10S,XOi8lMgA0CQ
epic cinematic music,shiv tandav 🔱🔥 शिव तांडव | महादेव का रौद्र रूप 👹 | Epic Cinematic AI Video | Har Har Mahadev #viral,PM Bhakti Studio 🔱,1147,30,0,2026-07-20T08:04:59Z,PT24S,63A5YBy0FF8
epic cinematic music,Beyond The Horizon | Epic Cinematic Future Bass | Emotional EDM | No Copyright Music |              ,world music 1M,7,3,1,2026-07-20T07:49:54Z,PT3M26S,xZjBdLAq2CQ
epic cinematic music,Ek Junoon | Intense Punjabi Motivational Song 2026 | Epic Cinematic AI Music Video | Official,Drama medley studio ,36,0,0,2026-07-20T07:30:39Z,PT2M32S,yac1yqDbaSw
epic cinematic music,A Warrior's Lament - Epic Cinematic Dramatic Music,OpenSound Fire,279,2,0,2026-07-20T07:00:06Z,PT2M36S,FmxEyJzNSHI
epic cinematic music,🇮🇩 Indonesia | Epic Cinematic Music #shorts #orchestralmusic #epicorchestra #soundtrack,StoryWave Music,4,1,0,2026-07-20T04:45:35Z,PT55S,zbY_VfxPLU8
epic cinematic music,🇪🇸 Spain World Cup Champions 🏆🔥 | Epic Cinematic Bass | #shorts #fifa #spain,Epic 30 Sec Music,1529,39,2,2026-07-20T03:59:07Z,PT15S,vZEWfs5RGGs
epic cinematic music,Lion Hunting Story in the African Savannah | Epic Cinematic Wildlife Adventure in 4K#shorts,Wild Nature Studio,3,1,0,2026-07-20T03:14:52Z,PT37S,1E-iznPisAM
epic cinematic music,The Oracle's Warning | Epic Cinematic Music | Odyssey Soundtracks,Odyssey Soundtracks,14,0,0,2026-07-20T01:31:18Z,PT4M30S,6eBaiM7L-48
epic cinematic music,Colossal Epic War Cinematic Music – Trailer Background Score – Dark Atmospheric Tension,ADU PUKUL,71,0,0,2026-07-20T01:00:29Z,PT1M2S,9FreDRkk6vo
epic cinematic music,[V4] Epic Cinematic Hybrid | Essential Dynamic Lo-fi [High-Fidelity] | (Official Music Video),Luna (루나) - Tomorrow's Sound,0,0,0,2026-07-20T00:56:19Z,PT2M56S,CGDbIWwTzF8
epic cinematic music,대한의 노래 🇰🇷🎷 | Epic Cinematic Shorts | AI Music Video,다시 피는 인생,690,32,2,2026-07-20T00:46:11Z,PT51S,F1KnWOK6jco
epic cinematic music,🔱 The Divine Reveal of Lord Shiva | Epic Cinematic Mahadev Shorts | Har Har Mahadev 🙏 #shorts,Amitha's Creative Corner (ACC),535,33,4,2026-07-20T00:45:17Z,PT54S,g9xMtNwp3ik
epic cinematic music,Rise Up - TheFatRat | Epic Cinematic Music | 4K Animated Anime Wallpaper,SAMURAI ,35,3,3,2026-07-20T00:09:07Z,PT2M50S,T7pghPLFc_Q
epic cinematic music,Tears of the Fallen Kingdom | Emotional Epic Cinematic Music | Official Audio,Epic Cinematic,17,1,0,2026-07-19T21:01:25Z,PT42S,TOMdirLpqnM
epic cinematic music,End of Time | Dark Epic Cinematic Music for Deep Meditation & Focus,GoldenDawnAmbience,7,0,0,2026-07-19T21:00:11Z,PT3H29S,QGG4606Shiw
epic cinematic music,Tears of the Fallen Kingdom | Emotional Epic Cinematic Music | Official Audio,Epic Cinematic,25,2,0,2026-07-19T20:42:00Z,PT2M50S,jy9aabG5vE4
epic cinematic music,Legacy Never Dies | Epic cinematic music ,AUREON,58,1,1,2026-07-19T20:19:38Z,PT3M50S,P2q4Fm6Y29k
epic cinematic music,Ignis Aeternus 🎼 | Epic Cinematic Music | Powerful Orchestral Soundtrack,Emiliano,0,0,0,2026-07-19T20:05:20Z,PT3M31S,yyySPDZIgiA
epic cinematic music,The First Threshold VII — The Eternal Archive | Epic Cinematic Music | Hybrid Cinematic Orchestra,Soul Wave Studios ,1,0,0,2026-07-19T19:53:56Z,PT6M23S,W_v3zU-kXCw
epic cinematic music,Epic Cinematic Trailer Music | Breath of the Ancients | The First Threshold III | Hybrid Orchestral,Soul Wave Studios ,0,0,0,2026-07-19T19:53:38Z,PT4M11S,19YEasEt3rA
epic cinematic music,The Weight of Destiny | Epic Emotional Cinematic Music,Çağatay Kılıç - Composer,63,4,1,2026-07-19T19:53:36Z,PT2M13S,qdvOkpsoNE4
epic cinematic music,The First Threshold VI — Horizon of Spirits -Epic Cinematic  Music ,Soul Wave Studios ,0,0,0,2026-07-19T19:53:26Z,PT5M18S,-M_rcRFydRQ
epic cinematic music,Epic Cinematic Fantasy Music | Celestial Passage | The First Threshold V | Hybrid Orchestral ,Soul Wave Studios ,0,0,0,2026-07-19T19:49:16Z,PT1M58S,dHjJ1NlleGQ
epic cinematic music,این آهنگ شما را به یک دنیای ناشناخته می‌برد | Epic Cinematic Music,Sajjad Animation ,37,12,12,2026-07-19T18:59:53Z,PT3M28S,8MOwfUtoLb4
epic cinematic music,Galactic journey. Rescue from the Edge of the Universe –(Epic Cinematic Music - AI Co-creation),Zbigniew Wilgosz,8,2,0,2026-07-19T18:26:17Z,PT3M31S,YhN0CoaSiyk
epic cinematic music,Epic Cinematic Music: March of the Dragon Knights,Epic Cinematic Music Channel ,4,0,0,2026-07-19T17:25:45Z,PT4M,0VGrEq-C0DU
epic cinematic music,The Hero's Anthem | Epic Cinematic Music | Powerful Orchestral Soundtrack,ELYSIAN SCORE,1,0,0,2026-07-19T17:00:33Z,PT3M24S,CnO6WLZhXV4
epic cinematic music,GLADIATOR | Epic Cinematic Music | Original Film Score,PLAi Studio,47,2,0,2026-07-19T17:00:06Z,PT3M35S,qnlUbr2GVB4
epic cinematic music,Epic Fire Dance Music 🔥 | Dark Fantasy Cinematic Instrumental | Powerful Orchestral Soundtrack,Music804,33,0,0,2026-07-19T16:52:08Z,PT31S,sUv0r7F719E
epic cinematic music,🇮🇩 Indonesia | Epic Cinematic Orchestral Music | The Spirit of Indonesia,StoryWave Music,39,5,0,2026-07-19T16:45:35Z,PT3M39S,Fouieh_lS9A
epic cinematic music,Beyond the Last Horizon | Epic Cinematic Orchestral Instrumental #shorts #viral #music #fyp #aimusic,THE_WORLD,8,0,0,2026-07-19T16:32:45Z,PT2M35S,lOGxIKVBjvo
epic cinematic music,RISE ABOVE ⚡ | Powerful Cinematic Motivation | Epic Gym & Sigma Music #phonk #viral #shorts,𝐞𝐦𝐩𝐢𝐫𝐞 𝐦𝐮𝐬𝐢𝐜,25,0,0,2026-07-19T16:15:05Z,PT19S,dQ0uctprf88
epic cinematic music,Beneath the Iron Sky | Epic Cinematic Orchestral Music | Dark Fantasy Soundtrack,CADORA,87,10,2,2026-07-19T16:01:10Z,PT3M2S,LPdArfa8siA
epic cinematic music,Epic Cinematic Trap Background Music Vol. 6 [No Copyright - Royalty Free] Ghost Protocol,Zylo – Music for Creators,20,0,0,2026-07-19T15:45:06Z,PT3M6S,4vuFrBM46N8
epic cinematic music,Epic Cinematic Trap Background Music Vol. 6 [No Copyright - Royalty Free] Ghost Protocol,Zylo – Music for Creators,90,0,0,2026-07-19T15:45:05Z,PT21S,wUdtL8KUk8g
epic cinematic music,Banners Over The Ridge | Epic Cinematic Adventure Music 🏔️⚔️    #shorts #viral #music #fyp  #aimusic,THE_WORLD,7,0,0,2026-07-19T15:43:40Z,PT31S,fB0AzfL-Lq8
epic cinematic music,Red Strings Surge | Epic Cinematic Instrumental | Powerful Emotional Music,CARPE DIEM,37,1,1,2026-07-19T15:21:53Z,PT3M20S,5VO4uQFmzyE
オーケストラ 戦闘 BGM,【作業用BGM／1時間】戦闘モードに入る疾走系JRPGバトルメドレー｜YutoRhythm Battle Mode Vol.2,ゆとリズム yuto-rhythm,38,2,0,2026-07-18T13:00:34Z,PT1H31S,Ai7fB6AJ1Yc
オーケストラ 戦闘 BGM,【フリーBGM】ラストバトル4【JRPG/オーケストラ系ミックス/ロック/バトル/戦闘/ラスボス/壮大/神秘的/かっこいい】[ 素材(そざい)、音源(おんげん)、無料、free ],音空間,41,0,0,2026-07-17T14:43:50Z,PT4M22S,656APKaX2gY
オーケストラ 戦闘 BGM,Make Your Move｜Epic Japanese Battle Music (和風戦闘BGM),Gameflow Tunes Tokyo,1725,84,7,2026-07-17T12:00:11Z,PT41M5S,Cv3FueqSJE8
オーケストラ 戦闘 BGM,【戦闘BGM】黒薔薇が咲くたび死者が目を覚ます｜GOTHIC OF THE DEAD -死者に咲く黒薔薇-【フリーBGM・ゴシック・ダーク・かっこいい・作業用・ゲーム実況】,Rhymix Studio,122,11,2,2026-07-17T08:00:22Z,PT3M57S,fJiR41fEHck
オーケストラ 戦闘 BGM,【ゼノブレイド2】戦闘!!｜和ロック×ケルト×ピアノオーケストラ AIアレンジ【作業用BGM】,Catget,170,7,0,2026-07-17T07:00:04Z,PT5M31S,5ElZNSgFp6Y
オーケストラ 戦闘 BGM,Switch to Battle Mode｜Epic Japanese Battle Music (和風戦闘BGM),Gameflow Tunes Tokyo,3070,104,6,2026-07-14T12:00:35Z,PT41M,BoScVsz3hnw
オーケストラ 戦闘 BGM,【2026 Remaster】摩訶摩訶（マカマカ ）通常戦闘BGM｜クセになる名曲をリマスター【SFC】,CHAOS OPERA,272,10,0,2026-07-13T12:34:29Z,PT1M47S,5WH6ds4JPm4
オーケストラ 戦闘 BGM,Epic Orchestral Rock - Boss Battle Music【造語合唱曲/オーケストラ/ロック/戦闘BGM】- Destruction,Sacred Orchestra,7,0,0,2026-07-13T12:31:16Z,PT3M58S,WCzvWkdKitM
オーケストラ 戦闘 BGM,【BGM】強欲なる収奪 - 異形なる簒奪者 #ダーク #ダークファンタジー#ラスボス #戦闘 #ボス戦 #民族音楽 #悪役 #WorldFusion #蛇 #財宝 #轟絶 #モンスト#shorts,クェルボ公爵,366,3,1,2026-07-13T08:00:34Z,PT59S,qZzIBxOGTqg
オーケストラ 戦闘 BGM,重厚な戦闘曲【フリーBGM】dark orchestral BGM / Force of Darkness_2【作業用BGM・素材】 #shorts,【著作権フリーBGM】ぷるっと企画チャンネル,23,2,0,2026-07-12T14:00:14Z,PT30S,m-MYiYLHe9E
オーケストラ 戦闘 BGM,【フリーBGM】緊迫感ある変拍子！闇のドラゴン現る「black dragon battle」[戦闘BGM//ダーク/ボスバトル/緊張感/オーケストラ/パイプオルガン｜Epic Orchestra],劉 恵,46,0,0,2026-07-12T13:00:12Z,PT3M14S,OP8iV-kbVwQ
オーケストラ 戦闘 BGM,通常戦闘BGM（カット・ユア・ウェイ） / AIオーケストラ風アレンジ（Instrumental）【グランストリーム伝紀】,TK-studio,214,6,0,2026-07-12T09:00:19Z,PT2M24S,awo1wVs-Niw
オーケストラ 戦闘 BGM,【BGM】傲慢なる黒翼 - 異形なる簒奪者【ダーク/ダークファンタジー/ラスボス/戦闘/ボス戦/モンスト/悪役/ロック/轟絶】BGMアレンジ　轟絶BGM　モンスト,クェルボ公爵,172,4,3,2026-07-10T22:00:34Z,PT2M20S,K3uu02mYdmg
オーケストラ 戦闘 BGM,Seize Your Destiny｜Epic Japanese Battle Music (和風戦闘BGM),Gameflow Tunes Tokyo,3906,107,12,2026-07-10T12:00:25Z,PT43M27S,nWIhplxxIq4
オーケストラ 戦闘 BGM,【フリーBGM】ラストバトル3【JRPG/オーケストラ系ミックス/バトル/戦闘/ラスボス/難敵/重圧/かっこいい/テンポ速め】[ 素材(そざい)、音源(おんげん)、無料、free ],音空間,29,1,0,2026-07-10T11:38:31Z,PT3M10S,OJvq19hnZx8
オーケストラ 戦闘 BGM,【フリーBGM】Counter Offensive【バトル/かっこいい/オーケストラロック/疾走感/サントラ風/戦闘シーン】,EpicOrderSounds,110,5,0,2026-07-10T11:00:25Z,PT1M44S,zo6p0Q1-ios
オーケストラ 戦闘 BGM,【作業用BGM】戦闘交響曲｜黒き騎行,もふまるBGM ,87,2,0,2026-07-07T09:00:12Z,PT45M31S,Zn08Zx8WOiE
オーケストラ 戦闘 BGM,【フリーBGM】ラストバトル2【JRPG/オーケストラ系ミックス/バトル/戦闘/ラスボス/強敵/壮大/勇敢/威圧/重圧/かっこいい】[ 素材(そざい)、音源(おんげん)、無料、free ],音空間,57,1,0,2026-07-06T13:04:47Z,PT3M39S,FvdN54vWI6o
オーケストラ 戦闘 BGM,【作業用BGM】空中戦ボスバトル ～電脳決戦～ 30分,つかさの音楽ミュージアム,52,0,0,2026-07-06T02:00:03Z,PT30M7S,yA52HAj323c
オーケストラ 戦闘 BGM,【原神】霜月 戦闘BGM～オーケストラ風 Remix～ / FrostMoon Battle Theme~Orchestra-Style Remix~【アレンジ】,HiSalcA -Music Channel-,372,6,4,2026-07-05T09:00:01Z,PT3M48S,BEIQhKuUw8s
オーケストラ 戦闘 BGM,【和風戦闘BGM 】合戦の刻｜The hour of Battle 全10曲【和×TRAP/EDM/オーケストラ・KPの声を邪魔しない】,音楽提供-夜語堂-BGMchannel,89,5,1,2026-07-05T04:26:26Z,PT52M18S,hI05lTh72c8
オーケストラ 戦闘 BGM,【ドラクエ6】勇気ある戦い（通常戦闘BGM）エレクトーン耳コピ演奏 / Dragon Quest VI Battle Theme,あまくち / amakuchi Electone,15180,700,118,2026-07-04T12:00:06Z,PT2M51S,HphdQhm5oTo
オーケストラ 戦闘 BGM,【戦闘曲風アレンジ】抜錨/ナナホシ管弦楽団【AIcover×ラスボス戦】【リテイク】,Seagull World,35570,638,9,2026-07-04T08:47:45Z,PT3M35S,6m_Bt6EcRbc
オーケストラ 戦闘 BGM,修羅 -SHURA- 龍、天に昇る｜和風EPIC 戦闘BGM #shorts #和楽器 #epicmusic,Bunmaa-BGM channel,210,2,0,2026-07-04T06:04:22Z,PT1M1S,GfgGogPbwow
オーケストラ 戦闘 BGM,【感情なき殺戮機械】ジェノサイドマシーンII／ダークシネマティックオーケストラロック（ゲスト三将軍 セティ）【第2次スパロボOG】,スパロボ楽曲アレンジch【孤狼スタジオ】,1782,36,3,2026-07-03T17:43:35Z,PT4M39S,YeLJi3WpUC8
オーケストラ 戦闘 BGM,【フリーBGM】ラストバトル1【JRPG/オーケストラ系/バトル/戦闘/ラスボス/強敵/壮大/勇敢/勇気/かっこいい/明るい】[ 素材(そざい)、音源(おんげん)、無料、free ],音空間,54,1,0,2026-07-03T13:28:54Z,PT4M16S,99yAVWYuJL0
オーケストラ 戦闘 BGM,Fight Without Limits｜Epic Japanese Battle Music (和風戦闘BGM),Gameflow Tunes Tokyo,15165,371,10,2026-07-03T12:00:18Z,PT42M19S,wtHKqhGO-c4
オーケストラ 戦闘 BGM,【フリーBGM】絶対に突破させてはいけない防衛戦のBGM | The Last Bastion   Heroes Against the Underworld【かっこいい・戦闘・ヒロイック】,BGM Studio Noi,967,31,4,2026-07-03T09:00:38Z,PT3M54S,-U95HHaM7i8
オーケストラ 戦闘 BGM,【作業用BGM】天使の戦歌 Epic Orchestra 27分ノンストップ｜迫力オーケストラBGM【AI Music / Melody Lab】,Melody Lab,72,1,0,2026-07-02T10:30:19Z,PT27M26S,JDhWnCQ7_-8
オーケストラ 戦闘 BGM,【作業用BGM】鬼ヶ島絵巻-日本妖怪playlist【和風戦闘 メタル かっこいい】,妖怪楽譚 | YOKAI GAKUTAN,87,6,0,2026-07-01T12:56:01Z,PT1H4M23S,X2sbIou9mcg
オーケストラ 戦闘 BGM,Born to Win｜Epic Japanese Battle Music (和風戦闘BGM),Gameflow Tunes Tokyo,6987,176,11,2026-06-30T12:00:01Z,PT42M30S,a_22tRIiOPU
オーケストラ 戦闘 BGM,【フリーBGM】異次元の超越者と対峙した時のBGM　Transcendent Encounter【かっこいい・戦闘・異次元】,BGM Studio Noi,766,22,0,2026-06-30T09:00:05Z,PT3M59S,dZSfpHxgIgU
オーケストラ 戦闘 BGM,【作業用BGM】何度も聴きたくなるオーケストラ|-CELESTIAL GALE-|戦闘音楽_Epic Battle Music【Game BGM】,Legendary HERO Music,50,5,3,2026-06-29T10:00:04Z,PT37M48S,7q0Fe7zRpY0
オーケストラ 戦闘 BGM,【フリーBGM】ガトリングレッド【Gatling Red】疾走感 かっこいい Jazzy 戦闘曲,P.P.K.のにゃんこラボ,127,8,6,2026-06-28T17:58:58Z,PT2M54S,dkMuued67Hg
オーケストラ 戦闘 BGM,Strike True｜Epic Japanese Battle Music (和風戦闘BGM),Gameflow Tunes Tokyo,3169,73,7,2026-06-26T12:00:02Z,PT42M32S,kIDxoSjEVFM
オーケストラ 戦闘 BGM,【フリーBGM】血の力に目覚めた狩人のBGM Blood Awakening【かっこいい・戦闘・覚醒】,BGM Studio Noi,1353,48,0,2026-06-26T09:00:14Z,PT3M30S,4c6UHYwI0z8
オーケストラ 戦闘 BGM,"【フリーBGM/戦闘曲/かっこいい】反撃開始を告げるオーケストラロック｜No Escape, No Mercy",WhiteWhaleBGM / しろくじらBGM,538,3,0,2026-06-25T10:33:47Z,PT21S,nV303WIAl_c
オーケストラ 戦闘 BGM,【フリーBGM】シタールが印象的な灼熱の砂漠戦闘BGM「deer monster battle」[壮大/激しい/ボス戦/汎用戦/ボスバトル/ノーマルバトル/オーケストラ｜Epic Orchestra],劉 恵,58,0,0,2026-06-24T13:00:26Z,PT2M55S,hIJBeZRKm4E
オーケストラ 戦闘 BGM,【Pokemon Champions】対戦！バトルアリーナ　オーケストラアレンジBGM #ポケモン #ポケモンチャンピオンズ,ぜふぃすと　Remix OST,1632,38,5,2026-06-24T02:00:35Z,PT4M20S,Zr1TI1hEmrQ
オーケストラ 戦闘 BGM,Eyes Forward | Epic Japanese Battle Music (和風戦闘BGM),Gameflow Tunes Tokyo,5822,159,11,2026-06-23T12:00:12Z,PT41M42S,nzkDsLNMgfI
オーケストラ 戦闘 BGM,"【和風EPIC】修羅 -SHURA-｜和楽器×オーケストラ 戦闘BGM 42分｜Epic Japanese Battle Music for Gaming, Focus & Workout",Bunmaa-BGM channel,50,2,0,2026-06-22T14:20:34Z,PT42M37S,K50BJH-I_Bc
オーケストラ 戦闘 BGM,🎵 KUON NO AIケブカー戦闘BGM — “The Laughing Catastrophe”久遠の愛 Original Boss Battle Theme,久遠みー　KUON　Mii　,237,3,0,2026-06-21T11:24:46Z,PT2M54S,UO7j0i92vDw
